"SYMBOL";"NAME";"LASTSCALE";"MARKETCAP";"ADR TSO";"IPOyear";"Sector"
"AAPL34";"APPLE";"39.20";"682080,00000";"n/a";"n/a";"Finance"
"ABCB10F";"Banco ABC";"11.54";"161,72000";"n/a";"n/a";"Finance"
"ABCB4";"Banco ABC";"11.88";"1807312,59000";"n/a";"n/a";"Finance"
"ABCB4F";"Banco ABC";"11.84";"1249,73884";"n/a";"n/a";"Finance"
"ABCP11";"FII ABC IMOB";"10.90";"54,50000";"n/a";"n/a";"Finance"
"ABEV3";"AMBEV S.A.";"18.19";"63788981,77300";"n/a";"n/a";"Finance"
"ABEV3F";"AMBEV S.A.";"18.21";"46856,54764";"n/a";"n/a";"Finance"
"ABEVC17";"AMBEV S.A.";"2.10";"410,00000";"n/a";"n/a";"Finance"
"ABEVC18";"AMBEV S.A.";"0.57";"37288,33200";"n/a";"n/a";"Finance"
"ABEVC19";"AMBEV S.A.";"0.27";"4450,04000";"n/a";"n/a";"Finance"
"ABEVC47";"AMBEV S.A.";"1.31";"5240,00000";"n/a";"n/a";"Finance"
"ABEVC61";"AMBEV S.A.";"0.08";"1750,05000";"n/a";"n/a";"Finance"
"ABEVC63";"AMBEV S.A.";"0.02";"60,00000";"n/a";"n/a";"Finance"
"ABEVD18";"AMBEV S.A.";"0.93";"60129,53400";"n/a";"n/a";"Finance"
"ABEVD57";"AMBEV S.A.";"1.11";"9039,98000";"n/a";"n/a";"Finance"
"ABEVD58";"AMBEV S.A.";"0.59";"58064,00400";"n/a";"n/a";"Finance"
"ABEVD67";"AMBEV S.A.";"0.45";"18399,67500";"n/a";"n/a";"Finance"
"ABEVD68";"AMBEV S.A.";"0.38";"6435,02400";"n/a";"n/a";"Finance"
"ABEVD69";"AMBEV S.A.";"0.28";"5569,97600";"n/a";"n/a";"Finance"
"ABEVD70";"AMBEV S.A.";"0.21";"247,00000";"n/a";"n/a";"Finance"
"ABEVD72";"AMBEV S.A.";"0.10";"248,00000";"n/a";"n/a";"Finance"
"ABEVD73";"AMBEV S.A.";"0.08";"62,00000";"n/a";"n/a";"Finance"
"ABEVD8";"AMBEV S.A.";"0.77";"3850,00000";"n/a";"n/a";"Finance"
"ABEVO18";"AMBEV S.A.";"0.05";"50,00000";"n/a";"n/a";"Finance"
"ABEVO47";"AMBEV S.A.";"0.01";"100,00000";"n/a";"n/a";"Finance"
"ABEVO61";"AMBEV S.A.";"0.53";"23551,68300";"n/a";"n/a";"Finance"
"ABEVP57";"AMBEV S.A.";"0.15";"2676,00000";"n/a";"n/a";"Finance"
"ABEVP67";"AMBEV S.A.";"0.50";"22743,82800";"n/a";"n/a";"Finance"
"ABEVP68";"AMBEV S.A.";"0.61";"3355,00000";"n/a";"n/a";"Finance"
"ABEVP69";"AMBEV S.A.";"0.76";"7600,00000";"n/a";"n/a";"Finance"
"ABEVP8";"AMBEV S.A.";"0.24";"17251,13600";"n/a";"n/a";"Finance"
"ABEVQ48";"AMBEV S.A.";"0.76";"8208,00000";"n/a";"n/a";"Finance"
"ABEVQ87";"AMBEV S.A.";"0.63";"3780,00000";"n/a";"n/a";"Finance"
"ABEVS94";"AMBEV S.A.";"0.83";"6232,00000";"n/a";"n/a";"Finance"
"ABRE3";"Abril Educação S.A.";"11.96";"217686,48000";"n/a";"n/a";"Finance"
"AEFI11";"Aesapar";"105.80";"1308528,96520";"n/a";"n/a";"Finance"
"AELP3";"AES ELPA";"8.96";"896,00000";"n/a";"n/a";"Finance"
"AGCX11";"FII AG CAIXA";"967.50";"89886,64104";"n/a";"n/a";"Finance"
"AGRO3";"BRASILAGRO";"8.44";"89442,95200";"n/a";"n/a";"Finance"
"ALLL3";"ALL AMER LAT";"4.62";"13206309,90000";"n/a";"n/a";"Finance"
"ALLL3F";"ALL AMER LAT";"4.62";"6108,97056";"n/a";"n/a";"Finance"
"ALLL3T";"ALL AMER LAT";"4.88";"9977,76204";"n/a";"n/a";"Finance"
"ALPA4";"ALPARGATAS";"9.11";"1217517,86000";"n/a";"n/a";"Finance"
"ALPA4F";"ALPARGATAS";"9.10";"3265,28096";"n/a";"n/a";"Finance"
"ALSC3";"Aliansce";"15.63";"1558372,65000";"n/a";"n/a";"Finance"
"ALSC3F";"Aliansce";"15.79";"1648,36018";"n/a";"n/a";"Finance"
"ALUP11";"Alupar";"18.28";"1143687,11600";"n/a";"n/a";"Finance"
"ALUP11F";"Alupar";"18.29";"13674,11646";"n/a";"n/a";"Finance"
"AMAR3";"LOJAS MARISA";"14.98";"95959,04700";"n/a";"n/a";"Finance"
"ANIM3";"GAEC EDUCAÇAO";"16.01";"6930921,73600";"n/a";"n/a";"Finance"
"ANIM3F";"GAEC EDUCAÇAO";"16.02";"1151,63992";"n/a";"n/a";"Finance"
"AORE3";"ALL ORE";"0.24";"15712,71700";"n/a";"n/a";"Finance"
"ARTR3";"ARTERIS";"8.25";"11768672,22000";"n/a";"n/a";"Finance"
"ARTR3F";"ARTERIS";"8.22";"8535,23572";"n/a";"n/a";"Finance"
"ARZZ3";"AREZZO";"26.58";"1140118,03800";"n/a";"n/a";"Finance"
"ARZZ3F";"AREZZO";"26.50";"2411,98995";"n/a";"n/a";"Finance"
"AXPB34";"AMERICAN EXP";"244.64";"513744,00000";"n/a";"n/a";"Finance"
"BAHI3";"BAHEMA";"4.60";"460,00000";"n/a";"n/a";"Finance"
"BALM4";"BAUMER";"10.66";"2134,00000";"n/a";"n/a";"Finance"
"BAZA3";"AMAZONIA";"0.26";"17180,15000";"n/a";"n/a";"Finance"
"BAZA3F";"AMAZONIA";"0.27";"0,27000";"n/a";"n/a";"Finance"
"BBAS3";"BRASIL";"22.08";"41160456,51000";"n/a";"n/a";"Finance"
"BBAS3F";"BRASIL";"22.13";"65998,53759";"n/a";"n/a";"Finance"
"BBAS3T";"BRASIL";"22.27";"312311,76176";"n/a";"n/a";"Finance"
"BBASC10";"BRASIL";"2.12";"27320,00000";"n/a";"n/a";"Finance"
"BBASC19";"BRASIL";"3.75";"5625,00000";"n/a";"n/a";"Finance"
"BBASC20";"BRASIL";"2.60";"2600,00000";"n/a";"n/a";"Finance"
"BBASC21";"BRASIL";"1.66";"54953,99000";"n/a";"n/a";"Finance"
"BBASC22";"BRASIL";"0.89";"151444,49800";"n/a";"n/a";"Finance"
"BBASC23";"BRASIL";"0.37";"49609,92000";"n/a";"n/a";"Finance"
"BBASC24";"BRASIL";"0.12";"34331,02800";"n/a";"n/a";"Finance"
"BBASC25";"BRASIL";"0.04";"4438,11600";"n/a";"n/a";"Finance"
"BBASC26";"BRASIL";"0.02";"9,00000";"n/a";"n/a";"Finance"
"BBASC27";"BRASIL";"0.01";"60,00000";"n/a";"n/a";"Finance"
"BBASD21";"BRASIL";"2.10";"73510,35000";"n/a";"n/a";"Finance"
"BBASD23";"BRASIL";"0.79";"7164,99800";"n/a";"n/a";"Finance"
"BBASD24";"BRASIL";"0.64";"50336,84000";"n/a";"n/a";"Finance"
"BBASD25";"BRASIL";"0.38";"11680,91500";"n/a";"n/a";"Finance"
"BBASD28";"BRASIL";"0.09";"18,00000";"n/a";"n/a";"Finance"
"BBASD30";"BRASIL";"0.04";"188,00000";"n/a";"n/a";"Finance"
"BBASD32";"BRASIL";"0.03";"60,00000";"n/a";"n/a";"Finance"
"BBASD41";"BRASIL";"1.34";"4482,01000";"n/a";"n/a";"Finance"
"BBASD42";"BRASIL";"1.12";"3020,00000";"n/a";"n/a";"Finance"
"BBASD43";"BRASIL";"0.89";"21516,02000";"n/a";"n/a";"Finance"
"BBASD44";"BRASIL";"0.20";"1388,00000";"n/a";"n/a";"Finance"
"BBASD45";"BRASIL";"0.15";"1360,00000";"n/a";"n/a";"Finance"
"BBASD46";"BRASIL";"0.12";"500,00000";"n/a";"n/a";"Finance"
"BBASD47";"BRASIL";"0.10";"490,00000";"n/a";"n/a";"Finance"
"BBASD53";"BRASIL";"1.24";"30328,22400";"n/a";"n/a";"Finance"
"BBASD54";"BRASIL";"0.48";"2728,00600";"n/a";"n/a";"Finance"
"BBASD55";"BRASIL";"0.29";"39594,76000";"n/a";"n/a";"Finance"
"BBASD57";"BRASIL";"0.17";"102,00000";"n/a";"n/a";"Finance"
"BBASD58";"BRASIL";"0.13";"2080,00000";"n/a";"n/a";"Finance"
"BBASD62";"BRASIL";"1.61";"7683,00000";"n/a";"n/a";"Finance"
"BBASD63";"BRASIL";"1.47";"88494,86500";"n/a";"n/a";"Finance"
"BBASD67";"BRASIL";"0.23";"5927,97600";"n/a";"n/a";"Finance"
"BBASD74";"BRASIL";"1.12";"7151,98000";"n/a";"n/a";"Finance"
"BBASE23";"BRASIL";"1.66";"7304,00000";"n/a";"n/a";"Finance"
"BBASE24";"BRASIL";"1.08";"43835,42500";"n/a";"n/a";"Finance"
"BBASE25";"BRASIL";"0.79";"31610,09800";"n/a";"n/a";"Finance"
"BBASE26";"BRASIL";"0.53";"1166,00000";"n/a";"n/a";"Finance"
"BBASE27";"BRASIL";"0.35";"700,00000";"n/a";"n/a";"Finance"
"BBASO10";"BRASIL";"0.06";"60,00000";"n/a";"n/a";"Finance"
"BBASO22";"BRASIL";"0.31";"39511,50400";"n/a";"n/a";"Finance"
"BBASO23";"BRASIL";"0.76";"32090,74100";"n/a";"n/a";"Finance"
"BBASO24";"BRASIL";"1.55";"358817,48100";"n/a";"n/a";"Finance"
"BBASO25";"BRASIL";"2.48";"63571,98200";"n/a";"n/a";"Finance"
"BBASO30";"BRASIL";"7.22";"10830,00000";"n/a";"n/a";"Finance"
"BBASP18";"BRASIL";"0.20";"800,00000";"n/a";"n/a";"Finance"
"BBASP21";"BRASIL";"0.63";"13771,20200";"n/a";"n/a";"Finance"
"BBASP24";"BRASIL";"2.07";"64893,26000";"n/a";"n/a";"Finance"
"BBASP25";"BRASIL";"2.82";"28567,03600";"n/a";"n/a";"Finance"
"BBASP40";"BRASIL";"0.50";"2000,00000";"n/a";"n/a";"Finance"
"BBASP41";"BRASIL";"1.09";"7608,00000";"n/a";"n/a";"Finance"
"BBASP52";"BRASIL";"0.80";"1600,00000";"n/a";"n/a";"Finance"
"BBASP54";"BRASIL";"2.41";"17447,99200";"n/a";"n/a";"Finance"
"BBASP63";"BRASIL";"0.99";"22567,98000";"n/a";"n/a";"Finance"
"BBASP69";"BRASIL";"0.32";"9600,00000";"n/a";"n/a";"Finance"
"BBASQ23";"BRASIL";"1.56";"7332,00000";"n/a";"n/a";"Finance"
"BBDC3";"BRADESCO";"35.52";"17950852,88000";"n/a";"n/a";"Finance"
"BBDC3F";"BRADESCO";"35.56";"45645,18126";"n/a";"n/a";"Finance"
"BBDC4";"BRADESCO";"35.95";"132758743,17400";"n/a";"n/a";"Finance"
"BBDC4F";"BRADESCO";"36.04";"181611,49200";"n/a";"n/a";"Finance"
"BBDCC21";"BRADESCO";"1.47";"14860,00000";"n/a";"n/a";"Finance"
"BBDCC3";"BRADESCO";"2.02";"1010,00000";"n/a";"n/a";"Finance"
"BBDCC35";"BRADESCO";"1.78";"21320,97400";"n/a";"n/a";"Finance"
"BBDCC36";"BRADESCO";"0.94";"127480,03200";"n/a";"n/a";"Finance"
"BBDCC37";"BRADESCO";"0.42";"50439,54700";"n/a";"n/a";"Finance"
"BBDCC38";"BRADESCO";"0.14";"18368,97000";"n/a";"n/a";"Finance"
"BBDCC39";"BRADESCO";"0.07";"2889,27800";"n/a";"n/a";"Finance"
"BBDCC4";"BRADESCO";"1.28";"12158,89700";"n/a";"n/a";"Finance"
"BBDCC40";"BRADESCO";"0.03";"108,00000";"n/a";"n/a";"Finance"
"BBDCC41";"BRADESCO";"0.01";"29,00000";"n/a";"n/a";"Finance"
"BBDCC42";"BRADESCO";"0.01";"1,00000";"n/a";"n/a";"Finance"
"BBDCC53";"BRADESCO";"2.32";"42456,00000";"n/a";"n/a";"Finance"
"BBDCC56";"BRADESCO";"2.53";"95966,12000";"n/a";"n/a";"Finance"
"BBDCC6";"BRADESCO";"0.61";"10306,00000";"n/a";"n/a";"Finance"
"BBDCC7";"BRADESCO";"0.58";"7682,01200";"n/a";"n/a";"Finance"
"BBDCC8";"BRADESCO";"0.04";"160,00000";"n/a";"n/a";"Finance"
"BBDCC87";"BRADESCO";"0.19";"8429,97200";"n/a";"n/a";"Finance"
"BBDCD13";"BRADESCO";"0.08";"376,00000";"n/a";"n/a";"Finance"
"BBDCD35";"BRADESCO";"2.54";"24759,94600";"n/a";"n/a";"Finance"
"BBDCD36";"BRADESCO";"1.88";"286942,79300";"n/a";"n/a";"Finance"
"BBDCD37";"BRADESCO";"1.33";"169829,64000";"n/a";"n/a";"Finance"
"BBDCD39";"BRADESCO";"0.51";"36585,33600";"n/a";"n/a";"Finance"
"BBDCD40";"BRADESCO";"0.35";"47451,40800";"n/a";"n/a";"Finance"
"BBDCD41";"BRADESCO";"0.17";"20206,68000";"n/a";"n/a";"Finance"
"BBDCD59";"BRADESCO";"0.99";"13470,93000";"n/a";"n/a";"Finance"
"BBDCD6";"BRADESCO";"1.69";"3674,00000";"n/a";"n/a";"Finance"
"BBDCD60";"BRADESCO";"0.79";"35027,90400";"n/a";"n/a";"Finance"
"BBDCD63";"BRADESCO";"0.39";"6959,94000";"n/a";"n/a";"Finance"
"BBDCD68";"BRADESCO";"1.13";"24258,99000";"n/a";"n/a";"Finance"
"BBDCD69";"BRADESCO";"0.96";"4692,00000";"n/a";"n/a";"Finance"
"BBDCD70";"BRADESCO";"0.77";"3262,00000";"n/a";"n/a";"Finance"
"BBDCD71";"BRADESCO";"0.19";"1583,93000";"n/a";"n/a";"Finance"
"BBDCD74";"BRADESCO";"2.33";"19034,01700";"n/a";"n/a";"Finance"
"BBDCD75";"BRADESCO";"2.29";"16408,02200";"n/a";"n/a";"Finance"
"BBDCD79";"BRADESCO";"0.49";"42528,38500";"n/a";"n/a";"Finance"
"BBDCD9";"BRADESCO";"0.36";"1460,00000";"n/a";"n/a";"Finance"
"BBDCE37";"BRADESCO";"2.12";"21732,98000";"n/a";"n/a";"Finance"
"BBDCE42";"BRADESCO";"0.53";"26202,02000";"n/a";"n/a";"Finance"
"BBDCE69";"BRADESCO";"0.94";"940,00000";"n/a";"n/a";"Finance"
"BBDCE70";"BRADESCO";"0.77";"770,00000";"n/a";"n/a";"Finance"
"BBDCE74";"BRADESCO";"0.52";"85800,00000";"n/a";"n/a";"Finance"
"BBDCF37";"BRADESCO";"2.35";"4935,00000";"n/a";"n/a";"Finance"
"BBDCF89";"BRADESCO";"1.15";"5405,00000";"n/a";"n/a";"Finance"
"BBDCL3";"BRADESCO";"1.80";"360000,00000";"n/a";"n/a";"Finance"
"BBDCO1";"BRADESCO";"0.07";"280,00000";"n/a";"n/a";"Finance"
"BBDCO21";"BRADESCO";"0.25";"3031,02600";"n/a";"n/a";"Finance"
"BBDCO35";"BRADESCO";"0.19";"2794,01600";"n/a";"n/a";"Finance"
"BBDCO36";"BRADESCO";"0.46";"51001,33800";"n/a";"n/a";"Finance"
"BBDCO37";"BRADESCO";"0.95";"91493,77600";"n/a";"n/a";"Finance"
"BBDCO38";"BRADESCO";"1.65";"428237,51800";"n/a";"n/a";"Finance"
"BBDCO39";"BRADESCO";"2.11";"63115,78400";"n/a";"n/a";"Finance"
"BBDCO52";"BRADESCO";"3.10";"56730,00000";"n/a";"n/a";"Finance"
"BBDCO54";"BRADESCO";"0.83";"15189,00000";"n/a";"n/a";"Finance"
"BBDCO6";"BRADESCO";"0.61";"7053,00200";"n/a";"n/a";"Finance"
"BBDCO64";"BRADESCO";"0.07";"280,00000";"n/a";"n/a";"Finance"
"BBDCO68";"BRADESCO";"2.95";"25945,03600";"n/a";"n/a";"Finance"
"BBDCO7";"BRADESCO";"0.69";"18432,12000";"n/a";"n/a";"Finance"
"BBDCO87";"BRADESCO";"1.26";"11679,00000";"n/a";"n/a";"Finance"
"BBDCO98";"BRADESCO";"0.05";"220,00000";"n/a";"n/a";"Finance"
"BBDCP33";"BRADESCO";"0.36";"393,00000";"n/a";"n/a";"Finance"
"BBDCP34";"BRADESCO";"0.45";"2970,00000";"n/a";"n/a";"Finance"
"BBDCP35";"BRADESCO";"0.66";"4167,98400";"n/a";"n/a";"Finance"
"BBDCP36";"BRADESCO";"1.00";"65248,80000";"n/a";"n/a";"Finance"
"BBDCP37";"BRADESCO";"1.42";"93634,49500";"n/a";"n/a";"Finance"
"BBDCP4";"BRADESCO";"0.55";"1464,00000";"n/a";"n/a";"Finance"
"BBDCP59";"BRADESCO";"1.75";"13475,99200";"n/a";"n/a";"Finance"
"BBDCP6";"BRADESCO";"1.17";"23532,22400";"n/a";"n/a";"Finance"
"BBDCP60";"BRADESCO";"2.14";"365023,90400";"n/a";"n/a";"Finance"
"BBDCP68";"BRADESCO";"1.83";"3660,00000";"n/a";"n/a";"Finance"
"BBDCP69";"BRADESCO";"2.14";"214046,10700";"n/a";"n/a";"Finance"
"BBDCP70";"BRADESCO";"2.31";"24160,00000";"n/a";"n/a";"Finance"
"BBDCP74";"BRADESCO";"0.75";"19598,96800";"n/a";"n/a";"Finance"
"BBDCP75";"BRADESCO";"0.82";"6009,99800";"n/a";"n/a";"Finance"
"BBDCR13";"BRADESCO";"0.87";"3480,00000";"n/a";"n/a";"Finance"
"BBDCX12";"BRADESCO";"2.21";"440320,00000";"n/a";"n/a";"Finance"
"BBDCX2";"BRADESCO";"0.40";"80000,00000";"n/a";"n/a";"Finance"
"BBDCX30";"BRADESCO";"0.65";"128,00000";"n/a";"n/a";"Finance"
"BBPO11";"FII BB PRGII";"100.00";"1767092,23004";"n/a";"n/a";"Finance"
"BBRC11";"FII BB CORP";"86.09";"3701,87000";"n/a";"n/a";"Finance"
"BBRK3";"BRASIL BROKERS";"3.05";"1385419,69400";"n/a";"n/a";"Finance"
"BBRK3F";"BRASIL BROKERS";"3.05";"633,34955";"n/a";"n/a";"Finance"
"BBSD11";"BB ETF SP DV";"36.24";"3624,00000";"n/a";"n/a";"Finance"
"BBSE3";"BB SEGURIDADE";"30.73";"73178601,40000";"n/a";"n/a";"Finance"
"BBSE3F";"BB SEGURIDADE";"30.73";"70216,12792";"n/a";"n/a";"Finance"
"BBTG11";"BTG Pactual S/A";"25.53";"6914152,31900";"n/a";"n/a";"Finance"
"BBTG11F";"BTG Pactual S/A";"25.70";"1975,70000";"n/a";"n/a";"Finance"
"BBVJ11";"FII C JARDIM";"55.52";"22402,75832";"n/a";"n/a";"Finance"
"BCFF11B";"FII BC FFII";"65.50";"428166,11432";"n/a";"n/a";"Finance"
"BEEF3";"Minerva";"8.13";"3505032,31200";"n/a";"n/a";"Finance"
"BEEF3F";"Minerva";"8.15";"2572,23790";"n/a";"n/a";"Finance"
"BEES3";"BANESTES";"1.90";"1140,00000";"n/a";"n/a";"Finance"
"BEMA3";"BEMATECH";"10.92";"398029,86500";"n/a";"n/a";"Finance"
"BEMA3F";"BEMATECH";"10.76";"7350,58247";"n/a";"n/a";"Finance"
"BHGR3";"BHGR";"18.25";"377772,96700";"n/a";"n/a";"Finance"
"BICB4";"BICBANCO";"5.65";"84750,00000";"n/a";"n/a";"Finance"
"BMEB4";"MERC BRASIL";"4.30";"4300,00000";"n/a";"n/a";"Finance"
"BMKS3";"BIC MONARK";"275.00";"1100,00000";"n/a";"n/a";"Finance"
"BMLC11B";"FII BMBRC LC";"93.51";"41497,04000";"n/a";"n/a";"Finance"
"BMTO4";"BRASMOTOR";"0.76";"1530,00000";"n/a";"n/a";"Finance"
"BMTO4F";"BRASMOTOR";"0.78";"39,00000";"n/a";"n/a";"Finance"
"BNBR3F";"NORD BRASIL";"25.10";"1004,00000";"n/a";"n/a";"Finance"
"BOVA11";"ISHARES BOVA";"48.52";"55088063,92600";"n/a";"n/a";"Finance"
"BOVA11F";"ISHARES BOVA";"49.29";"1562,65017";"n/a";"n/a";"Finance"
"BOVA11T";"ISHARES BOVA";"49.17";"4944,39744";"n/a";"n/a";"Finance"
"BOVAC48";"ISHARES BOVA";"1.26";"2910,00000";"n/a";"n/a";"Finance"
"BOVAC50";"ISHARES BOVA";"0.22";"1100,00000";"n/a";"n/a";"Finance"
"BOVAC51";"ISHARES BOVA";"0.04";"749,97800";"n/a";"n/a";"Finance"
"BOVAD48";"ISHARES BOVA";"2.18";"22580,00000";"n/a";"n/a";"Finance"
"BOVAD49";"ISHARES BOVA";"1.60";"13659,98000";"n/a";"n/a";"Finance"
"BOVAD50";"ISHARES BOVA";"1.11";"14219,91000";"n/a";"n/a";"Finance"
"BOVAD51";"ISHARES BOVA";"0.75";"2346,00000";"n/a";"n/a";"Finance"
"BOVAD52";"ISHARES BOVA";"0.46";"2300,00000";"n/a";"n/a";"Finance"
"BOVAO49";"ISHARES BOVA";"0.80";"8000,00000";"n/a";"n/a";"Finance"
"BOVAO50";"ISHARES BOVA";"1.40";"5733,00000";"n/a";"n/a";"Finance"
"BOVAO51";"ISHARES BOVA";"2.35";"14133,00000";"n/a";"n/a";"Finance"
"BOVAP48";"ISHARES BOVA";"0.94";"9564,98000";"n/a";"n/a";"Finance"
"BOVAP50";"ISHARES BOVA";"1.76";"3520,00000";"n/a";"n/a";"Finance"
"BOVAP51";"ISHARES BOVA";"2.36";"18899,98000";"n/a";"n/a";"Finance"
"BPAN4";"BANCO PAN";"1.75";"531,00000";"n/a";"n/a";"Finance"
"BPAN4F";"BANCO PAN";"1.77";"35,40000";"n/a";"n/a";"Finance"
"BPFF11";"FII ABSOLUTO";"72.98";"209980,87954";"n/a";"n/a";"Finance"
"BPHA11";"Brazil Pharma";"0.02";"15151,90000";"n/a";"n/a";"Finance"
"BPHA11F";"Brazil Pharma";"0.01";"0,97000";"n/a";"n/a";"Finance"
"BPHA3";"Brazil Pharma";"0.95";"230220,27300";"n/a";"n/a";"Finance"
"BPHA3F";"Brazil Pharma";"0.96";"48,00000";"n/a";"n/a";"Finance"
"BRAP3";"BRADESPAR";"10.59";"1059,00000";"n/a";"n/a";"Finance"
"BRAP3F";"BRADESPAR";"10.50";"420,00000";"n/a";"n/a";"Finance"
"BRAP4";"BRADESPAR";"12.05";"7224736,14700";"n/a";"n/a";"Finance"
"BRAP4F";"BRADESPAR";"11.92";"10150,07224";"n/a";"n/a";"Finance"
"BRAP4T";"BRADESPAR";"12.08";"814696,56712";"n/a";"n/a";"Finance"
"BRAX11";"BRAX";"40.76";"8167,00000";"n/a";"n/a";"Finance"
"BRCR11";"FII BCREF I";"103.94";"2426480,41487";"n/a";"n/a";"Finance"
"BRFS3";"BRFS";"63.04";"43952782,91200";"n/a";"n/a";"Finance"
"BRFS3F";"BRFS";"63.10";"96252,98335";"n/a";"n/a";"Finance"
"BRFSC3";"BRFS";"0.82";"6024,06700";"n/a";"n/a";"Finance"
"BRFSC4";"BRFS";"0.57";"684,00000";"n/a";"n/a";"Finance"
"BRFSC63";"BRFS";"1.37";"22375,07200";"n/a";"n/a";"Finance"
"BRFSC66";"BRFS";"0.12";"444,00000";"n/a";"n/a";"Finance"
"BRFSC67";"BRFS";"0.06";"510,00000";"n/a";"n/a";"Finance"
"BRFSD15";"BRFS";"1.43";"143000,00000";"n/a";"n/a";"Finance"
"BRFSD62";"BRFS";"2.82";"36830,01800";"n/a";"n/a";"Finance"
"BRFSD63";"BRFS";"2.25";"28551,08000";"n/a";"n/a";"Finance"
"BRFSD64";"BRFS";"1.78";"17906,97800";"n/a";"n/a";"Finance"
"BRFSD65";"BRFS";"1.36";"1768,00000";"n/a";"n/a";"Finance"
"BRFSO3";"BRFS";"0.95";"11286,01800";"n/a";"n/a";"Finance"
"BRFSO30";"BRFS";"0.12";"1649,97000";"n/a";"n/a";"Finance"
"BRFSO31";"BRFS";"0.25";"9290,86000";"n/a";"n/a";"Finance"
"BRFSO32";"BRFS";"0.42";"1908,02500";"n/a";"n/a";"Finance"
"BRFSO33";"BRFS";"0.84";"244,00000";"n/a";"n/a";"Finance"
"BRFSO4";"BRFS";"1.80";"31859,91300";"n/a";"n/a";"Finance"
"BRFSO61";"BRFS";"0.17";"1830,95000";"n/a";"n/a";"Finance"
"BRFSP57";"BRFS";"0.25";"250,00000";"n/a";"n/a";"Finance"
"BRFSP60";"BRFS";"0.48";"480,00000";"n/a";"n/a";"Finance"
"BRFSP62";"BRFS";"1.36";"7605,00100";"n/a";"n/a";"Finance"
"BRFSP63";"BRFS";"1.81";"12292,00000";"n/a";"n/a";"Finance"
"BRFSP64";"BRFS";"2.32";"29333,98900";"n/a";"n/a";"Finance"
"BRFSQ58";"BRFS";"0.57";"85500,00000";"n/a";"n/a";"Finance"
"BRFSQ62";"BRFS";"1.55";"232500,00000";"n/a";"n/a";"Finance"
"BRIN3";"BR INSURANCE";"3.67";"3346235,09700";"n/a";"n/a";"Finance"
"BRIN3F";"BR INSURANCE";"3.68";"600,33980";"n/a";"n/a";"Finance"
"BRIV4F";"ALFA INVEST";"6.20";"260,40000";"n/a";"n/a";"Finance"
"BRKM3";"BRASKEM";"9.40";"30078,00000";"n/a";"n/a";"Finance"
"BRKM5";"BRASKEM";"13.19";"10823932,29800";"n/a";"n/a";"Finance"
"BRKM5F";"BRASKEM";"13.22";"16842,14286";"n/a";"n/a";"Finance"
"BRML3";"BR MALLS PAR";"15.56";"21238728,02100";"n/a";"n/a";"Finance"
"BRML3F";"BR MALLS PAR";"15.55";"16843,96430";"n/a";"n/a";"Finance"
"BRPR3";"BR PROPERTIES S.A.";"11.24";"6303032,86000";"n/a";"n/a";"Finance"
"BRPR3F";"BR PROPERTIES S.A.";"11.20";"3030,37260";"n/a";"n/a";"Finance"
"BRSR6";"BANRISUL";"11.62";"3172534,05500";"n/a";"n/a";"Finance"
"BRSR6F";"BANRISUL";"11.62";"6853,23009";"n/a";"n/a";"Finance"
"BSAN33";"BANSANTANDER";"20.01";"4002,00000";"n/a";"n/a";"Finance"
"BTOW3";"B2W";"20.29";"2240421,20000";"n/a";"n/a";"Finance"
"BTOW3F";"B2W";"20.41";"7168,35492";"n/a";"n/a";"Finance"
"BVMF3";"BVMF";"9.66";"45566130,87000";"n/a";"n/a";"Finance"
"BVMF3F";"BVMF";"9.62";"12036,20923";"n/a";"n/a";"Finance"
"BVMF3T";"BVMF";"9.94";"68775,65455";"n/a";"n/a";"Finance"
"BVMFC1";"BVMF";"0.05";"1990,73600";"n/a";"n/a";"Finance"
"BVMFC10";"BVMF";"0.10";"12634,92000";"n/a";"n/a";"Finance"
"BVMFC40";"BVMF";"0.03";"456,00000";"n/a";"n/a";"Finance"
"BVMFC80";"BVMF";"0.02";"28,00000";"n/a";"n/a";"Finance"
"BVMFC86";"BVMF";"1.17";"570,00000";"n/a";"n/a";"Finance"
"BVMFC88";"BVMF";"0.97";"388,00000";"n/a";"n/a";"Finance"
"BVMFC92";"BVMF";"0.57";"9516,06200";"n/a";"n/a";"Finance"
"BVMFC94";"BVMF";"0.40";"4119,02600";"n/a";"n/a";"Finance"
"BVMFC95";"BVMF";"0.33";"297,00000";"n/a";"n/a";"Finance"
"BVMFC96";"BVMF";"0.31";"9945,98000";"n/a";"n/a";"Finance"
"BVMFC98";"BVMF";"0.16";"3094,00000";"n/a";"n/a";"Finance"
"BVMFD1";"BVMF";"0.26";"1040,00000";"n/a";"n/a";"Finance"
"BVMFD10";"BVMF";"0.40";"48305,19900";"n/a";"n/a";"Finance"
"BVMFD11";"BVMF";"0.11";"9263,10200";"n/a";"n/a";"Finance"
"BVMFD12";"BVMF";"0.02";"42,00000";"n/a";"n/a";"Finance"
"BVMFD40";"BVMF";"0.19";"6870,86500";"n/a";"n/a";"Finance"
"BVMFD9";"BVMF";"0.90";"3039,99000";"n/a";"n/a";"Finance"
"BVMFD94";"BVMF";"0.61";"4010,00000";"n/a";"n/a";"Finance"
"BVMFD96";"BVMF";"0.60";"17126,95500";"n/a";"n/a";"Finance"
"BVMFD98";"BVMF";"0.49";"13258,02800";"n/a";"n/a";"Finance"
"BVMFE10";"BVMF";"0.48";"45713,28000";"n/a";"n/a";"Finance"
"BVMFF40";"BVMF";"0.34";"33240,05600";"n/a";"n/a";"Finance"
"BVMFO1";"BVMF";"0.60";"4760,00000";"n/a";"n/a";"Finance"
"BVMFO10";"BVMF";"0.35";"22169,24800";"n/a";"n/a";"Finance"
"BVMFO94";"BVMF";"0.13";"715,02000";"n/a";"n/a";"Finance"
"BVMFO95";"BVMF";"0.11";"6960,38000";"n/a";"n/a";"Finance"
"BVMFO96";"BVMF";"0.20";"10200,00000";"n/a";"n/a";"Finance"
"BVMFO98";"BVMF";"0.23";"11935,25200";"n/a";"n/a";"Finance"
"BVMFP10";"BVMF";"0.53";"21871,09100";"n/a";"n/a";"Finance"
"BVMFP9";"BVMF";"0.17";"5607,50000";"n/a";"n/a";"Finance"
"BVMFP92";"BVMF";"0.24";"3393,10000";"n/a";"n/a";"Finance"
"BVMFP94";"BVMF";"0.27";"4374,00000";"n/a";"n/a";"Finance"
"BVMFP96";"BVMF";"0.34";"6936,05000";"n/a";"n/a";"Finance"
"BVMFP98";"BVMF";"0.46";"23714,12500";"n/a";"n/a";"Finance"
"BVMFQ92";"BVMF";"0.35";"35,00000";"n/a";"n/a";"Finance"
"CAMB4";"CAMBUCI";"1.35";"4295,00000";"n/a";"n/a";"Finance"
"CARD3";"CARD";"3.26";"178008,02300";"n/a";"n/a";"Finance"
"CARD3F";"CARD";"3.30";"209,23980";"n/a";"n/a";"Finance"
"CBEE3";"AMPLA ENERG";"1.09";"109,00000";"n/a";"n/a";"Finance"
"CBMA3F";"COBRASMA";"0.04";"0,04000";"n/a";"n/a";"Finance"
"CBMA4F";"COBRASMA";"0.02";"0,02000";"n/a";"n/a";"Finance"
"CBOP11";"FII C BRANCO";"680.00";"3392,00000";"n/a";"n/a";"Finance"
"CCHI3F";"CHIARELLI";"0.06";"0,06000";"n/a";"n/a";"Finance"
"CCHI4F";"CHIARELLI";"0.08";"0,08000";"n/a";"n/a";"Finance"
"CCRO3";"CCR RODOVIAS";"15.07";"29856701,47500";"n/a";"n/a";"Finance"
"CCRO3F";"CCR RODOVIAS";"15.09";"27797,11210";"n/a";"n/a";"Finance"
"CCRO3T";"CCR RODOVIAS";"16.58";"330103,48450";"n/a";"n/a";"Finance"
"CCROE46";"CCR RODOVIAS";"0.66";"1914,00000";"n/a";"n/a";"Finance"
"CCROQ44";"CCR RODOVIAS";"0.50";"1450,00000";"n/a";"n/a";"Finance"
"CCROQ45";"CCR RODOVIAS";"1.15";"3335,00000";"n/a";"n/a";"Finance"
"CCXC3";"CCX CARVAO";"0.15";"1371799,85600";"n/a";"n/a";"Finance"
"CCXC3F";"CCX CARVAO";"0.15";"19,50020";"n/a";"n/a";"Finance"
"CEBR6F";"CEB";"18.03";"108,18000";"n/a";"n/a";"Finance"
"CEEB3";"COELBA";"24.90";"24900,00000";"n/a";"n/a";"Finance"
"CELP3";"CELPA";"1.25";"625,00000";"n/a";"n/a";"Finance"
"CEOC11B";"FII CEO CCP";"38.38";"57998,72544";"n/a";"n/a";"Finance"
"CESP3";"CESP";"18.55";"20344,00000";"n/a";"n/a";"Finance"
"CESP6";"CESP";"23.49";"8627538,52500";"n/a";"n/a";"Finance"
"CESP6F";"CESP";"23.59";"16547,26256";"n/a";"n/a";"Finance"
"CGAS3";"COMGAS";"40.50";"46050,00000";"n/a";"n/a";"Finance"
"CGAS5";"COMGAS";"41.80";"75585,01500";"n/a";"n/a";"Finance"
"CGAS5F";"COMGAS";"41.41";"3817,35000";"n/a";"n/a";"Finance"
"CGRA3";"GRAZZIOTIN";"16.49";"36817,01200";"n/a";"n/a";"Finance"
"CGRA4";"GRAZZIOTIN";"15.45";"220466,98700";"n/a";"n/a";"Finance"
"CGRA4F";"GRAZZIOTIN";"15.35";"414,45000";"n/a";"n/a";"Finance"
"CIEL3";"Cielo";"43.86";"63228590,41500";"n/a";"n/a";"Finance"
"CIEL3F";"Cielo";"43.86";"84607,13816";"n/a";"n/a";"Finance"
"CIELC19";"Cielo";"4.00";"24000,00000";"n/a";"n/a";"Finance"
"CIELC22";"Cielo";"1.25";"4615,01000";"n/a";"n/a";"Finance"
"CIELC44";"Cielo";"0.51";"1530,00000";"n/a";"n/a";"Finance"
"CIELC45";"Cielo";"0.18";"54,00000";"n/a";"n/a";"Finance"
"CIELC72";"Cielo";"1.48";"23292,97600";"n/a";"n/a";"Finance"
"CIELD10";"Cielo";"4.00";"24400,00000";"n/a";"n/a";"Finance"
"CIELD43";"Cielo";"2.23";"34753,93500";"n/a";"n/a";"Finance"
"CIELD44";"Cielo";"1.69";"16507,00000";"n/a";"n/a";"Finance"
"CIELD45";"Cielo";"1.20";"7870,98300";"n/a";"n/a";"Finance"
"CIELO73";"Cielo";"0.65";"585,00000";"n/a";"n/a";"Finance"
"CIELO74";"Cielo";"1.24";"11169,00000";"n/a";"n/a";"Finance"
"CIELP44";"Cielo";"1.28";"2176,00000";"n/a";"n/a";"Finance"
"CIELP45";"Cielo";"1.70";"20808,03400";"n/a";"n/a";"Finance"
"CIQU4F";"CACIQUE";"12.49";"87,43000";"n/a";"n/a";"Finance"
"CLSC4";"CELESC";"13.15";"46252,99700";"n/a";"n/a";"Finance"
"CMIG3";"CEMIG";"12.61";"75825,08200";"n/a";"n/a";"Finance"
"CMIG3F";"CEMIG";"12.59";"2279,79970";"n/a";"n/a";"Finance"
"CMIG4";"CEMIG";"12.22";"14026224,00600";"n/a";"n/a";"Finance"
"CMIG4F";"CEMIG";"12.21";"21560,68470";"n/a";"n/a";"Finance"
"CMIG4T";"CEMIG";"12.61";"176645,91608";"n/a";"n/a";"Finance"
"COCA34";"COCA COLA";"129.10";"206560,00000";"n/a";"n/a";"Finance"
"COCE5";"COELCE";"39.53";"108399,03000";"n/a";"n/a";"Finance"
"COCE5F";"COELCE";"40.03";"5801,20984";"n/a";"n/a";"Finance"
"CPFE3";"CPFL ENERGIA";"17.75";"5556845,15000";"n/a";"n/a";"Finance"
"CPFE3F";"CPFL ENERGIA";"17.68";"7179,45078";"n/a";"n/a";"Finance"
"CPLE3";"COPEL";"22.25";"268945,88000";"n/a";"n/a";"Finance"
"CPLE3F";"COPEL";"22.01";"2205,25000";"n/a";"n/a";"Finance"
"CPLE6";"COPEL";"32.23";"4342790,93800";"n/a";"n/a";"Finance"
"CPLE6F";"COPEL";"32.29";"16316,23940";"n/a";"n/a";"Finance"
"CPRE3";"CPFL RENOVAV";"12.95";"1295,00000";"n/a";"n/a";"Finance"
"CPTS11B";"FII CAPI SEC";"102.20";"22484,00000";"n/a";"n/a";"Finance"
"CREM3";"CREMER";"16.20";"1620,00000";"n/a";"n/a";"Finance"
"CRIV3";"ALFA FINANC";"3.13";"15449,01500";"n/a";"n/a";"Finance"
"CRIV3F";"ALFA FINANC";"3.21";"314,58000";"n/a";"n/a";"Finance"
"CRUZ3";"SOUZA CRUZ";"25.41";"9575273,04800";"n/a";"n/a";"Finance"
"CRUZ3F";"SOUZA CRUZ";"25.45";"21559,80180";"n/a";"n/a";"Finance"
"CSAN3";"COSAN S.A.";"26.48";"9094058,73400";"n/a";"n/a";"Finance"
"CSAN3F";"COSAN S.A.";"26.47";"22630,07504";"n/a";"n/a";"Finance"
"CSAN3T";"COSAN S.A.";"27.23";"2613316,65024";"n/a";"n/a";"Finance"
"CSANO40";"COSAN S.A.";"12.71";"1220160,00000";"n/a";"n/a";"Finance"
"CSHP11B";"FII CSHG POP";"1130.00";"1130000,00000";"n/a";"n/a";"Finance"
"CSMG3";"COPASA";"16.91";"2941893,53800";"n/a";"n/a";"Finance"
"CSMG3F";"COPASA";"16.75";"4950,21554";"n/a";"n/a";"Finance"
"CSMO11";"ISHARES CSMO";"51.87";"5687,70000";"n/a";"n/a";"Finance"
"CSNA3";"SID NACIONAL";"4.95";"17905340,81200";"n/a";"n/a";"Finance"
"CSNA3F";"SID NACIONAL";"4.92";"5449,70742";"n/a";"n/a";"Finance"
"CSNA3T";"SID NACIONAL";"4.97";"74471,36447";"n/a";"n/a";"Finance"
"CSNAC45";"SID NACIONAL";"0.46";"595,00000";"n/a";"n/a";"Finance"
"CSNAC5";"SID NACIONAL";"0.24";"2300,00000";"n/a";"n/a";"Finance"
"CSNAC52";"SID NACIONAL";"0.13";"7130,72900";"n/a";"n/a";"Finance"
"CSNAC54";"SID NACIONAL";"0.07";"1563,01000";"n/a";"n/a";"Finance"
"CSNAC56";"SID NACIONAL";"0.03";"563,94500";"n/a";"n/a";"Finance"
"CSNAC58";"SID NACIONAL";"0.01";"213,99900";"n/a";"n/a";"Finance"
"CSNAC6";"SID NACIONAL";"0.01";"170,00000";"n/a";"n/a";"Finance"
"CSNAD5";"SID NACIONAL";"0.31";"5555,96000";"n/a";"n/a";"Finance"
"CSNAD52";"SID NACIONAL";"0.22";"3772,02500";"n/a";"n/a";"Finance"
"CSNAD54";"SID NACIONAL";"0.17";"1435,96800";"n/a";"n/a";"Finance"
"CSNAD6";"SID NACIONAL";"0.08";"80,00000";"n/a";"n/a";"Finance"
"CSNAO43";"SID NACIONAL";"0.02";"10,00000";"n/a";"n/a";"Finance"
"CSNAO52";"SID NACIONAL";"0.21";"13854,75000";"n/a";"n/a";"Finance"
"CSNAO54";"SID NACIONAL";"0.34";"4497,01000";"n/a";"n/a";"Finance"
"CSNAO56";"SID NACIONAL";"0.50";"32683,39600";"n/a";"n/a";"Finance"
"CSNAP49";"SID NACIONAL";"0.33";"13540,11000";"n/a";"n/a";"Finance"
"CSNAP5";"SID NACIONAL";"0.38";"29543,93400";"n/a";"n/a";"Finance"
"CSNAP52";"SID NACIONAL";"0.48";"9388,88000";"n/a";"n/a";"Finance"
"CSNAP54";"SID NACIONAL";"0.61";"33274,21400";"n/a";"n/a";"Finance"
"CTAX11";"CONTAX";"8.61";"131482,74400";"n/a";"n/a";"Finance"
"CTAX11F";"CONTAX";"8.34";"158,46000";"n/a";"n/a";"Finance"
"CTAX4";"CONTAX";"1.60";"320,00000";"n/a";"n/a";"Finance"
"CTIP3";"CETIP";"33.51";"53630607,34700";"n/a";"n/a";"Finance"
"CTIP3F";"CETIP";"33.49";"107486,61918";"n/a";"n/a";"Finance"
"CTIPC58";"CETIP";"5.48";"8150945,03200";"n/a";"n/a";"Finance"
"CTKA4";"KARSTEN";"0.51";"2587,00500";"n/a";"n/a";"Finance"
"CVCB3";"CVC BRASIL";"13.89";"660311,87700";"n/a";"n/a";"Finance"
"CVCB3F";"CVC BRASIL";"13.91";"929,65015";"n/a";"n/a";"Finance"
"CXCE11B";"CXCE";"1730.00";"1730,00000";"n/a";"n/a";"Finance"
"CYRE3";"CYRELA REALT";"11.74";"11089252,64000";"n/a";"n/a";"Finance"
"CYRE3F";"CYRELA REALT";"11.72";"7649,44906";"n/a";"n/a";"Finance"
"CYREC11";"CYRELA REALT";"0.71";"12691,96000";"n/a";"n/a";"Finance"
"CYREC29";"CYRELA REALT";"0.11";"1370,00000";"n/a";"n/a";"Finance"
"CYREC31";"CYRELA REALT";"0.32";"2726,00000";"n/a";"n/a";"Finance"
"CYRED12";"CYRELA REALT";"0.46";"12997,00000";"n/a";"n/a";"Finance"
"CYRED41";"CYRELA REALT";"0.67";"7937,02400";"n/a";"n/a";"Finance"
"CYRED42";"CYRELA REALT";"0.28";"3999,96800";"n/a";"n/a";"Finance"
"CYREO29";"CYRELA REALT";"0.43";"6385,98600";"n/a";"n/a";"Finance"
"CYREP12";"CYRELA REALT";"0.54";"3132,00000";"n/a";"n/a";"Finance"
"CYREQ41";"CYRELA REALT";"0.40";"1920,00000";"n/a";"n/a";"Finance"
"CZLT33";"Cosan Limited";"20.92";"416073,52100";"n/a";"n/a";"Finance"
"DAGB33";"";"425.19";"1070451,74817";"n/a";"n/a";"Finance"
"DASA3";"DASA";"12.15";"125411,90400";"n/a";"n/a";"Finance"
"DASA3F";"DASA";"11.81";"1461,92910";"n/a";"n/a";"Finance"
"DAYC4";"Banco Daycov";"8.62";"3445,00000";"n/a";"n/a";"Finance"
"DIRR3";"Direcional";"5.47";"467050,14100";"n/a";"n/a";"Finance"
"DIRR3F";"Direcional";"5.45";"10,90000";"n/a";"n/a";"Finance"
"DISB34";"WALT DISNEY";"320.80";"545489,00000";"n/a";"n/a";"Finance"
"DIVO11";"IT NOW IDIV";"25.86";"45194,30760";"n/a";"n/a";"Finance"
"DIVO11F";"IT NOW IDIV";"25.48";"230,58000";"n/a";"n/a";"Finance"
"DJIA";"DOW JONES";"17898.29";"0,00000";"n/a";"n/a";"Finance"
"DOMC11";"FII DOMO";"662.00";"662,00000";"n/a";"n/a";"Finance"
"DTCY3";"DTCOM-DIRECT";"0.33";"330,00000";"n/a";"n/a";"Finance"
"DTEX3";"";"7.88";"5586352,80800";"n/a";"n/a";"Finance"
"DTEX3F";"";"7.90";"7401,13148";"n/a";"n/a";"Finance"
"EALT4";"ACO ALTONA";"16.29";"1629,00000";"n/a";"n/a";"Finance"
"ECOO11";"ISHARES ECOO";"60.14";"30070,00000";"n/a";"n/a";"Finance"
"ECOR3";"Ecorodovias S.A";"9.72";"4832918,23200";"n/a";"n/a";"Finance"
"ECOR3F";"Ecorodovias S.A";"9.71";"7303,28408";"n/a";"n/a";"Finance"
"EDGA11B";"FII GALERIA";"67.49";"48467,77075";"n/a";"n/a";"Finance"
"EKTR4F";"ELEKTRO";"17.64";"246,96000";"n/a";"n/a";"Finance"
"ELET3";"ELETROBRAS";"5.05";"3067766,22500";"n/a";"n/a";"Finance"
"ELET3F";"ELETROBRAS";"5.06";"3501,47719";"n/a";"n/a";"Finance"
"ELET3T";"ELETROBRAS";"5.23";"104596,07296";"n/a";"n/a";"Finance"
"ELET6";"ELETROBRAS";"6.28";"5345127,35500";"n/a";"n/a";"Finance"
"ELET6F";"ELETROBRAS";"6.30";"4101,94020";"n/a";"n/a";"Finance"
"ELET6T";"ELETROBRAS";"6.32";"153737,87904";"n/a";"n/a";"Finance"
"ELPL4";"ELETROPAULO";"9.18";"1637972,31800";"n/a";"n/a";"Finance"
"ELPL4F";"ELETROPAULO";"9.19";"10643,49948";"n/a";"n/a";"Finance"
"EMBR3";"EMBRAER";"24.79";"101146142,87500";"n/a";"n/a";"Finance"
"EMBR3F";"EMBRAER";"24.78";"40256,47510";"n/a";"n/a";"Finance"
"EMBRD25";"EMBRAER";"1.02";"27902,98800";"n/a";"n/a";"Finance"
"EMBRD26";"EMBRAER";"0.58";"44318,80000";"n/a";"n/a";"Finance"
"EMBRD55";"EMBRAER";"0.78";"18441,11400";"n/a";"n/a";"Finance"
"ENBR3";"ENBR";"8.49";"6373381,46700";"n/a";"n/a";"Finance"
"ENBR3F";"ENBR";"8.48";"5205,82459";"n/a";"n/a";"Finance"
"ENEV3";"ENEVA";"0.23";"111339,84200";"n/a";"n/a";"Finance"
"ENEV3F";"ENEVA";"0.23";"0,47000";"n/a";"n/a";"Finance"
"ENGI11";"ENERGISA";"12.90";"12900,00000";"n/a";"n/a";"Finance"
"ENGI3";"ENERGISA";"2.43";"243,00000";"n/a";"n/a";"Finance"
"ENGI4";"ENERGISA";"2.69";"807,00000";"n/a";"n/a";"Finance"
"ENMA3B";"CEMAR";"14.50";"1450,00000";"n/a";"n/a";"Finance"
"EQTL3";"EQUATORIAL";"27.63";"11779830,19800";"n/a";"n/a";"Finance"
"EQTL3F";"EQUATORIAL";"27.51";"4179,35950";"n/a";"n/a";"Finance"
"EQTLD1";"EQUATORIAL";"0.81";"68850,00000";"n/a";"n/a";"Finance"
"EQTLP55";"EQUATORIAL";"1.05";"89252,00000";"n/a";"n/a";"Finance"
"EQTLP65";"EQUATORIAL";"0.43";"36550,00000";"n/a";"n/a";"Finance"
"ESTC3";"Estácio Part";"16.79";"14776397,68500";"n/a";"n/a";"Finance"
"ESTC3F";"Estácio Part";"16.89";"19682,27019";"n/a";"n/a";"Finance"
"ESTCH40";"Estácio Part";"1.71";"51342,00000";"n/a";"n/a";"Finance"
"ESTCT1";"Estácio Part";"1.56";"46800,00000";"n/a";"n/a";"Finance"
"ESTCT17";"Estácio Part";"3.27";"98100,00000";"n/a";"n/a";"Finance"
"ESTR4";"ESTRELA";"0.38";"10103,61600";"n/a";"n/a";"Finance"
"ETER3";"ETERNIT";"2.98";"43213,88800";"n/a";"n/a";"Finance"
"ETER3F";"ETERNIT";"2.99";"2355,93096";"n/a";"n/a";"Finance"
"EUCA4";"EUCATEX";"2.91";"2332,99800";"n/a";"n/a";"Finance"
"EVEN3";"EVEN";"4.56";"1847601,28500";"n/a";"n/a";"Finance"
"EVEN3F";"EVEN";"4.55";"661,56020";"n/a";"n/a";"Finance"
"EZTC3";"EZ Tec Empre";"18.06";"4482752,02000";"n/a";"n/a";"Finance"
"EZTC3F";"EZ Tec Empre";"17.95";"9236,21430";"n/a";"n/a";"Finance"
"FAED11B";"FAED";"142.10";"69266,48712";"n/a";"n/a";"Finance"
"FAMB11B";"FII ALMIRANT";"4300.00";"21500,00000";"n/a";"n/a";"Finance"
"FCFL11B";"FII CAMPUSFL";"1223.99";"146879,79960";"n/a";"n/a";"Finance"
"FESA4";"FERBASA";"6.26";"33967,08100";"n/a";"n/a";"Finance"
"FESA4F";"FERBASA";"6.41";"205,12000";"n/a";"n/a";"Finance"
"FEXC11B";"";"95.52";"33017,98175";"n/a";"n/a";"Finance"
"FFCI11";"FII F CENTER";"1.51";"29427,57500";"n/a";"n/a";"Finance"
"FHER3";"FER HERINGER";"3.61";"88745,14400";"n/a";"n/a";"Finance"
"FHER3F";"FER HERINGER";"3.61";"649,47000";"n/a";"n/a";"Finance"
"FIBR3";"FIBRIA";"38.84";"27103604,67400";"n/a";"n/a";"Finance"
"FIBR3F";"FIBRIA";"38.91";"45282,78165";"n/a";"n/a";"Finance"
"FIGS11";"FII GEN SHOP";"75.47";"178904,45105";"n/a";"n/a";"Finance"
"FIIP11B";"";"145.16";"24560,33960";"n/a";"n/a";"Finance"
"FIND11";"IT NOW IFNC";"48.90";"1473,00000";"n/a";"n/a";"Finance"
"FIXX11";"FII FATORFIX";"74.11";"40455,74920";"n/a";"n/a";"Finance"
"FJTA3F";"FORJA TAURUS";"5.44";"472,72000";"n/a";"n/a";"Finance"
"FJTA4";"FORJA TAURUS";"3.32";"4307,00000";"n/a";"n/a";"Finance"
"FJTA4F";"FORJA TAURUS";"3.29";"32,90000";"n/a";"n/a";"Finance"
"FLCI11";"FII LCI PREM";"10490.00";"104900,00000";"n/a";"n/a";"Finance"
"FLMA11";"FII S F LIMA";"1.71";"2100,65824";"n/a";"n/a";"Finance"
"FLRP11B";"FLRP";"635.00";"56561,48942";"n/a";"n/a";"Finance"
"FLRY3";"FLRY";"13.71";"521128,32000";"n/a";"n/a";"Finance"
"FNAM11";"FINAM";"0.07";"30499,00000";"n/a";"n/a";"Finance"
"FNAM11F";"FINAM";"0.06";"0,00222";"n/a";"n/a";"Finance"
"FPAB11";"FII A BRANCACI";"319.90";"10236,73000";"n/a";"n/a";"Finance"
"FRAS3";"FRAS-LE";"3.74";"724,00000";"n/a";"n/a";"Finance"
"FRAS3F";"FRAS-LE";"3.30";"49,50000";"n/a";"n/a";"Finance"
"FRIO3";"METALFRIO";"0.79";"1345,00200";"n/a";"n/a";"Finance"
"FSRF11F";"FISET FL REF";"0.10";"36,60000";"n/a";"n/a";"Finance"
"FSTU11";"FISET TUR";"0.13";"130,00000";"n/a";"n/a";"Finance"
"FSTU11F";"FISET TUR";"0.10";"31,40000";"n/a";"n/a";"Finance"
"FVBI11B";"FII VBI 4440";"68.49";"15544,71001";"n/a";"n/a";"Finance"
"GETI3";"AES TIETE";"13.06";"810758,14000";"n/a";"n/a";"Finance"
"GETI3F";"AES TIETE";"13.05";"1984,10058";"n/a";"n/a";"Finance"
"GETI4";"AES TIETE";"16.79";"2617512,61200";"n/a";"n/a";"Finance"
"GETI4F";"AES TIETE";"16.87";"11312,30912";"n/a";"n/a";"Finance"
"GFSA3";"GAFISA";"1.95";"5458063,51200";"n/a";"n/a";"Finance"
"GFSA3F";"GAFISA";"1.97";"798,02736";"n/a";"n/a";"Finance"
"GFSA3T";"GAFISA";"1.99";"20131,20169";"n/a";"n/a";"Finance"
"GGBR3";"GERDAU";"8.11";"1810840,61800";"n/a";"n/a";"Finance"
"GGBR3F";"GERDAU";"8.13";"3652,01416";"n/a";"n/a";"Finance"
"GGBR4";"GERDAU";"10.39";"40557283,93600";"n/a";"n/a";"Finance"
"GGBR4F";"GERDAU";"10.37";"18200,03548";"n/a";"n/a";"Finance"
"GGBR4T";"GERDAU";"10.70";"3219,34902";"n/a";"n/a";"Finance"
"GGBRC10";"GERDAU";"0.65";"21626,00000";"n/a";"n/a";"Finance"
"GGBRC11";"GERDAU";"0.07";"6118,45600";"n/a";"n/a";"Finance"
"GGBRC12";"GERDAU";"0.01";"45,00000";"n/a";"n/a";"Finance"
"GGBRC40";"GERDAU";"0.23";"5986,01200";"n/a";"n/a";"Finance"
"GGBRC41";"GERDAU";"0.02";"1999,80000";"n/a";"n/a";"Finance"
"GGBRC92";"GERDAU";"1.34";"134,00000";"n/a";"n/a";"Finance"
"GGBRC94";"GERDAU";"1.21";"6050,00000";"n/a";"n/a";"Finance"
"GGBRC96";"GERDAU";"0.90";"1080,00000";"n/a";"n/a";"Finance"
"GGBRC98";"GERDAU";"0.82";"17899,98000";"n/a";"n/a";"Finance"
"GGBRD1";"GERDAU";"0.70";"280,00000";"n/a";"n/a";"Finance"
"GGBRD10";"GERDAU";"0.85";"9165,98800";"n/a";"n/a";"Finance"
"GGBRD11";"GERDAU";"0.34";"1468,00000";"n/a";"n/a";"Finance"
"GGBRD40";"GERDAU";"0.58";"4767,95400";"n/a";"n/a";"Finance"
"GGBRD41";"GERDAU";"0.22";"1760,00000";"n/a";"n/a";"Finance"
"GGBRD42";"GERDAU";"0.07";"660,00000";"n/a";"n/a";"Finance"
"GGBRO10";"GERDAU";"0.06";"8749,80600";"n/a";"n/a";"Finance"
"GGBRO11";"GERDAU";"0.60";"19179,23100";"n/a";"n/a";"Finance"
"GGBRO2";"GERDAU";"0.41";"1640,00000";"n/a";"n/a";"Finance"
"GGBRO40";"GERDAU";"0.21";"9874,98000";"n/a";"n/a";"Finance"
"GGBRO41";"GERDAU";"1.05";"4200,00000";"n/a";"n/a";"Finance"
"GGBRO60";"GERDAU";"0.12";"4776,00000";"n/a";"n/a";"Finance"
"GGBRO98";"GERDAU";"0.05";"200,00000";"n/a";"n/a";"Finance"
"GGBRP10";"GERDAU";"0.26";"2120,00000";"n/a";"n/a";"Finance"
"GGBRP11";"GERDAU";"0.72";"15040,00000";"n/a";"n/a";"Finance"
"GGBRP40";"GERDAU";"0.47";"7631,03000";"n/a";"n/a";"Finance"
"GGBRP9";"GERDAU";"0.08";"480,00000";"n/a";"n/a";"Finance"
"GGBRP92";"GERDAU";"0.10";"500,00000";"n/a";"n/a";"Finance"
"GGBRP98";"GERDAU";"0.22";"1760,00000";"n/a";"n/a";"Finance"
"GOAU3";"GERDAU MET";"8.65";"18175,99900";"n/a";"n/a";"Finance"
"GOAU4";"GERDAU MET";"11.56";"7002025,23400";"n/a";"n/a";"Finance"
"GOAU4F";"GERDAU MET";"11.58";"9328,27831";"n/a";"n/a";"Finance"
"GOLL4";"GOL";"9.26";"4578307,33300";"n/a";"n/a";"Finance"
"GOLL4F";"GOL";"9.21";"4866,22365";"n/a";"n/a";"Finance"
"GOLL4T";"GOL";"9.33";"46823,02872";"n/a";"n/a";"Finance"
"GOOG34";"GOOGLE";"70.95";"673935,00000";"n/a";"n/a";"Finance"
"GPCP3";"GPC PART";"0.39";"14531,52000";"n/a";"n/a";"Finance"
"GPCP3F";"GPC PART";"0.16";"14,40000";"n/a";"n/a";"Finance"
"GPIV33";"GP INVEST";"5.36";"25190,02200";"n/a";"n/a";"Finance"
"GRND3";"GRENDENE";"16.40";"1492338,71200";"n/a";"n/a";"Finance"
"GRND3F";"GRENDENE";"16.47";"3701,71028";"n/a";"n/a";"Finance"
"GSHP3";"General Shop";"7.03";"179804,25000";"n/a";"n/a";"Finance"
"GSHP3F";"General Shop";"6.80";"408,00000";"n/a";"n/a";"Finance"
"GTDP3B";"GTD PART";"0.30";"30,00000";"n/a";"n/a";"Finance"
"GUAR3";"GUARARAPES";"77.02";"1576763,29800";"n/a";"n/a";"Finance"
"GUAR3F";"GUARARAPES";"77.14";"77,14000";"n/a";"n/a";"Finance"
"GUAR4";"GUARARAPES";"70.00";"197190,99700";"n/a";"n/a";"Finance"
"GWIR11";"FII GWI RI";"287.95";"287,95000";"n/a";"n/a";"Finance"
"HAGA3";"FER HAGA";"0.80";"3850,00000";"n/a";"n/a";"Finance"
"HBOR3";"HELBOR EMPREEND";"3.99";"425189,73000";"n/a";"n/a";"Finance"
"HBOR3F";"HELBOR EMPREEND";"3.87";"235,17003";"n/a";"n/a";"Finance"
"HCRI11B";"FII CRIANCA";"211.69";"211,69000";"n/a";"n/a";"Finance"
"HGBS11";"HGBS";"1580.00";"2005286,18047";"n/a";"n/a";"Finance"
"HGLG11";"FII CSHG LOG";"1020.00";"350856,46960";"n/a";"n/a";"Finance"
"HGRE11";"HGRE";"1274.99";"223025,94986";"n/a";"n/a";"Finance"
"HGTX3";"CIA HERING";"16.46";"8816798,19400";"n/a";"n/a";"Finance"
"HGTX3F";"CIA HERING";"16.41";"10806,11560";"n/a";"n/a";"Finance"
"HOME34";"HOME DEPOT";"176.65";"563870,00400";"n/a";"n/a";"Finance"
"HOOT4";"HOTEIS OTHON";"0.37";"1110,00000";"n/a";"n/a";"Finance"
"HRTP3";"HRT Participações em Petróleo S.A.";"4.90";"220699,30500";"n/a";"n/a";"Finance"
"HRTP3F";"HRT Participações em Petróleo S.A.";"4.93";"486,40030";"n/a";"n/a";"Finance"
"HRTP3T";"HRT Participações em Petróleo S.A.";"4.97";"5009,98752";"n/a";"n/a";"Finance"
"HTMX11B";"HTMX";"129.50";"1165,50000";"n/a";"n/a";"Finance"
"HYPE3";"HYPE";"19.18";"64863783,91700";"n/a";"n/a";"Finance"
"HYPE3F";"HYPE";"19.15";"9832,01055";"n/a";"n/a";"Finance"
"IBOVD54";"IBOV";"253.00";"5060,00000";"n/a";"n/a";"Finance"
"IBOVD99";"IBOV";"1729.00";"17290,00000";"n/a";"n/a";"Finance"
"IBOVF50";"IBOV";"3260.00";"196350,00000";"n/a";"n/a";"Finance"
"IBOVF51";"IBOV";"2674.00";"161070,00000";"n/a";"n/a";"Finance"
"IBOVF52";"IBOV";"2160.00";"64800,00000";"n/a";"n/a";"Finance"
"IBOVF56";"IBOV";"660.00";"1675000,00500";"n/a";"n/a";"Finance"
"IBOVF58";"IBOV";"335.00";"2010000,00000";"n/a";"n/a";"Finance"
"IBOVF59";"IBOV";"235.00";"930000,00000";"n/a";"n/a";"Finance"
"IBOVP45";"IBOV";"158.00";"78750,00000";"n/a";"n/a";"Finance"
"IBOVP46";"IBOV";"262.00";"356300,00500";"n/a";"n/a";"Finance"
"IBOVP47";"IBOV";"410.00";"293999,99950";"n/a";"n/a";"Finance"
"IBOVP48";"IBOV";"620.00";"301150,00000";"n/a";"n/a";"Finance"
"IBOVP49";"IBOV";"932.00";"375599,99970";"n/a";"n/a";"Finance"
"IBOVP52";"IBOV";"2302.00";"274080,00000";"n/a";"n/a";"Finance"
"IBOVR47";"IBOV";"879.00";"87600,00030";"n/a";"n/a";"Finance"
"IBOVR48";"IBOV";"1145.00";"356329,99900";"n/a";"n/a";"Finance"
"IBOVR50";"IBOV";"1640.00";"147480,00000";"n/a";"n/a";"Finance"
"IBOVR51";"IBOV";"2013.00";"120180,00000";"n/a";"n/a";"Finance"
"IBOVR52";"IBOV";"2425.00";"72750,00000";"n/a";"n/a";"Finance"
"IBXL";"IBX50";"8588.51";"0,00000";"n/a";"n/a";"Finance"
"ICON";"ICONSUMO";"2660.97";"0,00000";"n/a";"n/a";"Finance"
"IDNT3";"IDEIASNET";"1.30";"50284,08400";"n/a";"n/a";"Finance"
"IDNT3F";"IDEIASNET";"1.15";"96,60000";"n/a";"n/a";"Finance"
"IDVL4";"Banco Indusv";"2.50";"7745,00800";"n/a";"n/a";"Finance"
"IEEX";"IEELETRICA";"0.00";"0,00000";"n/a";"n/a";"Finance"
"IFNC";"IFINANCEIRO";"5120.52";"0,00000";"n/a";"n/a";"Finance"
"IGBR3";"GRADIENTE";"1.92";"8054,99300";"n/a";"n/a";"Finance"
"IGBR3F";"GRADIENTE";"2.08";"183,37000";"n/a";"n/a";"Finance"
"IGCX";"IGC";"7880.36";"0,00000";"n/a";"n/a";"Finance"
"IGTA3";"IGUATEMI";"26.60";"3581347,22600";"n/a";"n/a";"Finance"
"IGTA3F";"IGUATEMI";"26.41";"5143,59092";"n/a";"n/a";"Finance"
"IMCH3";"International Meal Company Holdings S.A.";"6.84";"274268,39400";"n/a";"n/a";"Finance"
"IMOB";"IIMOBILIARIO";"542.51";"0,00000";"n/a";"n/a";"Finance"
"INDX";"ISETORINDUSTRIAL";"12495.35";"0,00000";"n/a";"n/a";"Finance"
"INEP3";"INEPAR";"0.19";"8949,00000";"n/a";"n/a";"Finance"
"INEP3F";"INEPAR";"0.19";"0,19000";"n/a";"n/a";"Finance"
"INEP4";"INEPAR";"0.17";"3721,95500";"n/a";"n/a";"Finance"
"INET3";"INEPAR TEL";"0.04";"1000,00000";"n/a";"n/a";"Finance"
"ISEE";"ISUSTENTABILIDADE";"2421.01";"0,00000";"n/a";"n/a";"Finance"
"ITAG";"ITAGALONG";"11135.22";"0,00000";"n/a";"n/a";"Finance"
"ITSA2";"ITAUSA";"3.04";"669358,79200";"n/a";"n/a";"Finance"
"ITSA2F";"ITAUSA";"3.04";"1787,26514";"n/a";"n/a";"Finance"
"ITSA3";"ITAUSA";"9.71";"280512,68500";"n/a";"n/a";"Finance"
"ITSA3F";"ITAUSA";"9.87";"197,40000";"n/a";"n/a";"Finance"
"ITSA4";"ITAUSA";"9.68";"64590224,90000";"n/a";"n/a";"Finance"
"ITSA4F";"ITAUSA";"9.67";"15682,40598";"n/a";"n/a";"Finance"
"ITSA4T";"ITAUSA";"9.81";"229025,25930";"n/a";"n/a";"Finance"
"ITSAB62";"ITAUSA";"0.55";"110000,00000";"n/a";"n/a";"Finance"
"ITSAC40";"ITAUSA";"0.10";"400,00000";"n/a";"n/a";"Finance"
"ITSAC41";"ITAUSA";"0.04";"248,00000";"n/a";"n/a";"Finance"
"ITSAC96";"ITAUSA";"0.48";"96,00000";"n/a";"n/a";"Finance"
"ITSAD10";"ITAUSA";"0.25";"2960,03700";"n/a";"n/a";"Finance"
"ITSAD50";"ITAUSA";"0.40";"440,00000";"n/a";"n/a";"Finance"
"ITSAN10";"ITAUSA";"0.70";"140000,00000";"n/a";"n/a";"Finance"
"ITUB3";"ITUB";"32.00";"3372649,04000";"n/a";"n/a";"Finance"
"ITUB3F";"ITUB";"31.95";"34920,82840";"n/a";"n/a";"Finance"
"ITUB4";"ITUB";"35.10";"301864997,24700";"n/a";"n/a";"Finance"
"ITUB4F";"ITUB";"35.11";"227990,30845";"n/a";"n/a";"Finance"
"ITUB4T";"ITUB";"35.22";"197026,84390";"n/a";"n/a";"Finance"
"ITUBA43";"ITUB";"2.30";"1380,00000";"n/a";"n/a";"Finance"
"ITUBB75";"ITUB";"2.00";"320000,00000";"n/a";"n/a";"Finance"
"ITUBC2";"ITUB";"0.09";"853,98000";"n/a";"n/a";"Finance"
"ITUBC31";"ITUB";"4.45";"221080,46400";"n/a";"n/a";"Finance"
"ITUBC34";"ITUB";"0.35";"35,00000";"n/a";"n/a";"Finance"
"ITUBC35";"ITUB";"0.95";"53802,92000";"n/a";"n/a";"Finance"
"ITUBC36";"ITUB";"0.36";"190045,22500";"n/a";"n/a";"Finance"
"ITUBC37";"ITUB";"0.22";"37543,92400";"n/a";"n/a";"Finance"
"ITUBC38";"ITUB";"0.11";"8471,35400";"n/a";"n/a";"Finance"
"ITUBC39";"ITUB";"0.04";"112,00000";"n/a";"n/a";"Finance"
"ITUBC4";"ITUB";"0.04";"9616,32800";"n/a";"n/a";"Finance"
"ITUBC5";"ITUB";"1.20";"24000,00000";"n/a";"n/a";"Finance"
"ITUBC52";"ITUB";"1.82";"109891,97700";"n/a";"n/a";"Finance"
"ITUBC6";"ITUB";"0.36";"3118,94700";"n/a";"n/a";"Finance"
"ITUBC66";"ITUB";"3.15";"64383,09200";"n/a";"n/a";"Finance"
"ITUBC7";"ITUB";"0.26";"1190,00000";"n/a";"n/a";"Finance"
"ITUBC71";"ITUB";"0.15";"12383,17200";"n/a";"n/a";"Finance"
"ITUBC78";"ITUB";"2.40";"12000,00000";"n/a";"n/a";"Finance"
"ITUBC79";"ITUB";"1.23";"123,00000";"n/a";"n/a";"Finance"
"ITUBC94";"ITUB";"1.10";"54120,00000";"n/a";"n/a";"Finance"
"ITUBC99";"ITUB";"0.01";"390,01600";"n/a";"n/a";"Finance"
"ITUBD1";"ITUB";"0.23";"15246,55500";"n/a";"n/a";"Finance"
"ITUBD10";"ITUB";"4.17";"207682,10400";"n/a";"n/a";"Finance"
"ITUBD12";"ITUB";"0.60";"2145,00000";"n/a";"n/a";"Finance"
"ITUBD13";"ITUB";"0.40";"27703,63920";"n/a";"n/a";"Finance"
"ITUBD14";"ITUB";"0.56";"1624,00000";"n/a";"n/a";"Finance"
"ITUBD2";"ITUB";"0.13";"5808,79000";"n/a";"n/a";"Finance"
"ITUBD3";"ITUB";"0.06";"1905,89100";"n/a";"n/a";"Finance"
"ITUBD36";"ITUB";"5.03";"1006,00000";"n/a";"n/a";"Finance"
"ITUBD38";"ITUB";"4.05";"24192,00000";"n/a";"n/a";"Finance"
"ITUBD39";"ITUB";"0.16";"3960,00000";"n/a";"n/a";"Finance"
"ITUBD4";"ITUB";"0.04";"1300,09000";"n/a";"n/a";"Finance"
"ITUBD40";"ITUB";"0.28";"7230,05400";"n/a";"n/a";"Finance"
"ITUBD52";"ITUB";"1.25";"301506,00000";"n/a";"n/a";"Finance"
"ITUBD56";"ITUB";"1.87";"11587,00200";"n/a";"n/a";"Finance"
"ITUBD92";"ITUB";"3.50";"34420,97400";"n/a";"n/a";"Finance"
"ITUBD97";"ITUB";"1.12";"1120,00000";"n/a";"n/a";"Finance"
"ITUBD98";"ITUB";"0.82";"77719,58560";"n/a";"n/a";"Finance"
"ITUBE12";"ITUB";"1.05";"3255,00000";"n/a";"n/a";"Finance"
"ITUBE13";"ITUB";"0.75";"2550,00000";"n/a";"n/a";"Finance"
"ITUBE40";"ITUB";"0.51";"18356,04500";"n/a";"n/a";"Finance"
"ITUBE42";"ITUB";"1.23";"3690,00000";"n/a";"n/a";"Finance"
"ITUBE43";"ITUB";"0.89";"2848,00000";"n/a";"n/a";"Finance"
"ITUBE44";"ITUB";"0.63";"2268,00000";"n/a";"n/a";"Finance"
"ITUBE65";"ITUB";"1.82";"50248,92000";"n/a";"n/a";"Finance"
"ITUBE66";"ITUB";"1.97";"197,00000";"n/a";"n/a";"Finance"
"ITUBE85";"ITUB";"2.50";"11569,00000";"n/a";"n/a";"Finance"
"ITUBE90";"ITUB";"1.10";"54120,00000";"n/a";"n/a";"Finance"
"ITUBE94";"ITUB";"0.82";"2706,00000";"n/a";"n/a";"Finance"
"ITUBF38";"ITUB";"1.62";"10670,00000";"n/a";"n/a";"Finance"
"ITUBG5";"ITUB";"2.83";"5660,00000";"n/a";"n/a";"Finance"
"ITUBM6";"ITUB";"2.30";"1380,00000";"n/a";"n/a";"Finance"
"ITUBN36";"ITUB";"2.48";"396800,00000";"n/a";"n/a";"Finance"
"ITUBO35";"ITUB";"0.42";"65643,42200";"n/a";"n/a";"Finance"
"ITUBO36";"ITUB";"0.90";"85777,85700";"n/a";"n/a";"Finance"
"ITUBO37";"ITUB";"1.28";"82103,06200";"n/a";"n/a";"Finance"
"ITUBO38";"ITUB";"1.70";"385088,51400";"n/a";"n/a";"Finance"
"ITUBO4";"ITUB";"2.37";"855393,94000";"n/a";"n/a";"Finance"
"ITUBO5";"ITUB";"0.30";"20942,64000";"n/a";"n/a";"Finance"
"ITUBO52";"ITUB";"0.25";"250,00000";"n/a";"n/a";"Finance"
"ITUBO66";"ITUB";"0.03";"1518,34500";"n/a";"n/a";"Finance"
"ITUBO67";"ITUB";"0.03";"3525,00000";"n/a";"n/a";"Finance"
"ITUBO7";"ITUB";"0.92";"552,00000";"n/a";"n/a";"Finance"
"ITUBO71";"ITUB";"1.29";"2670,30000";"n/a";"n/a";"Finance"
"ITUBO75";"ITUB";"0.44";"53311,00400";"n/a";"n/a";"Finance"
"ITUBO78";"ITUB";"0.11";"13368,80600";"n/a";"n/a";"Finance"
"ITUBO79";"ITUB";"0.17";"4256,99300";"n/a";"n/a";"Finance"
"ITUBO87";"ITUB";"0.12";"2280,03000";"n/a";"n/a";"Finance"
"ITUBP12";"ITUB";"2.23";"596873,40800";"n/a";"n/a";"Finance"
"ITUBP13";"ITUB";"2.66";"1759889,52300";"n/a";"n/a";"Finance"
"ITUBP14";"ITUB";"2.71";"27873,01600";"n/a";"n/a";"Finance"
"ITUBP40";"ITUB";"3.12";"18753,00000";"n/a";"n/a";"Finance"
"ITUBP52";"ITUB";"1.25";"81886,95600";"n/a";"n/a";"Finance"
"ITUBP55";"ITUB";"0.22";"430,00000";"n/a";"n/a";"Finance"
"ITUBP56";"ITUB";"0.89";"88377,46000";"n/a";"n/a";"Finance"
"ITUBP57";"ITUB";"1.03";"21498,01600";"n/a";"n/a";"Finance"
"ITUBP77";"ITUB";"0.61";"14476,08800";"n/a";"n/a";"Finance"
"ITUBP78";"ITUB";"0.61";"10879,96000";"n/a";"n/a";"Finance"
"ITUBP79";"ITUB";"0.66";"69724,25000";"n/a";"n/a";"Finance"
"ITUBP90";"ITUB";"0.31";"43390,92700";"n/a";"n/a";"Finance"
"ITUBP95";"ITUB";"0.73";"245996,41600";"n/a";"n/a";"Finance"
"ITUBP97";"ITUB";"1.43";"27375,98600";"n/a";"n/a";"Finance"
"ITUBP98";"ITUB";"1.72";"609143,16400";"n/a";"n/a";"Finance"
"ITUBP99";"ITUB";"1.93";"18624,00000";"n/a";"n/a";"Finance"
"IVBX";"IB-VALOR";"7336.64";"0,00000";"n/a";"n/a";"Finance"
"IVVB11";"ISHARE SP500";"64.55";"671396,25760";"n/a";"n/a";"Finance"
"JBDU3";"J B DUARTE";"4.95";"990,00000";"n/a";"n/a";"Finance"
"JBDU4";"J B DUARTE";"3.74";"12486,00300";"n/a";"n/a";"Finance"
"JBDU4F";"J B DUARTE";"3.87";"387,78001";"n/a";"n/a";"Finance"
"JBSS3";"JBSS";"13.06";"43783086,94400";"n/a";"n/a";"Finance"
"JBSS3F";"JBSS";"13.08";"19551,60708";"n/a";"n/a";"Finance"
"JHSF3";"JHSF PART";"2.04";"557190,27600";"n/a";"n/a";"Finance"
"JHSF3F";"JHSF PART";"2.02";"191,90000";"n/a";"n/a";"Finance"
"JPMC34";"JPMORGAN";"96.00";"706140,00000";"n/a";"n/a";"Finance"
"JRDM11B";"FII SHOPJSUL";"68.89";"4948,37998";"n/a";"n/a";"Finance"
"JSLG3";"JULIO SIMOES";"10.68";"496151,82200";"n/a";"n/a";"Finance"
"JSLG3F";"JULIO SIMOES";"10.01";"1150,56000";"n/a";"n/a";"Finance"
"JSRE11";"FII JS REAL";"86.96";"185170,97480";"n/a";"n/a";"Finance"
"KEPL3";"KEPLER WEBER";"27.00";"650991,84000";"n/a";"n/a";"Finance"
"KEPL3F";"KEPLER WEBER";"27.15";"3843,36001";"n/a";"n/a";"Finance"
"KLBN11";"KLABIN S/A";"17.41";"25428817,90600";"n/a";"n/a";"Finance"
"KLBN11F";"KLABIN S/A";"17.38";"18071,12368";"n/a";"n/a";"Finance"
"KLBN4";"KLABIN S/A";"3.44";"95029,66400";"n/a";"n/a";"Finance"
"KLBN4F";"KLABIN S/A";"3.42";"300,56004";"n/a";"n/a";"Finance"
"KLBNL20";"KLABIN S/A";"0.80";"4000,00000";"n/a";"n/a";"Finance"
"KLBNX1";"KLABIN S/A";"0.80";"4000,00000";"n/a";"n/a";"Finance"
"KNCR11";"FII KINEA RI";"106.00";"295081,85600";"n/a";"n/a";"Finance"
"KNRE11";"FII KII REAL";"1.00";"47103,00000";"n/a";"n/a";"Finance"
"KNRI11";"KNRI";"110.00";"670136,98755";"n/a";"n/a";"Finance"
"KROT3";"Kroton";"10.04";"65656461,32000";"n/a";"n/a";"Finance"
"KROT3F";"Kroton";"10.08";"14436,95450";"n/a";"n/a";"Finance"
"KROTD10";"Kroton";"0.85";"85,00000";"n/a";"n/a";"Finance"
"KROTL1";"Kroton";"1.27";"3222804,88800";"n/a";"n/a";"Finance"
"KROTX8";"Kroton";"0.70";"410078,00000";"n/a";"n/a";"Finance"
"KROTX95";"Kroton";"1.77";"1416000,00000";"n/a";"n/a";"Finance"
"LAME3";"LOJAS AMERIC";"12.44";"820057,29600";"n/a";"n/a";"Finance"
"LAME3F";"LOJAS AMERIC";"12.30";"2760,89977";"n/a";"n/a";"Finance"
"LAME4";"LOJAS AMERIC";"16.26";"13370101,64800";"n/a";"n/a";"Finance"
"LAME4F";"LOJAS AMERIC";"16.29";"23956,44440";"n/a";"n/a";"Finance"
"LCAM3";"LOCAMERICA";"3.30";"1321,00000";"n/a";"n/a";"Finance"
"LCAM3F";"LOCAMERICA";"3.22";"77,28000";"n/a";"n/a";"Finance"
"LEVE3";"METAL LEVE";"19.98";"1198259,94600";"n/a";"n/a";"Finance"
"LEVE3F";"METAL LEVE";"20.08";"4968,42080";"n/a";"n/a";"Finance"
"LFFE3F";"LA FONTE TEL";"0.82";"246,00000";"n/a";"n/a";"Finance"
"LIGT3";"LIGHT S/A";"13.08";"4076314,71700";"n/a";"n/a";"Finance"
"LIGT3F";"LIGHT S/A";"13.09";"4270,85854";"n/a";"n/a";"Finance"
"LIGT3T";"LIGHT S/A";"13.35";"6761,28930";"n/a";"n/a";"Finance"
"LINX3";"LINX";"47.01";"437467,16000";"n/a";"n/a";"Finance"
"LINX3F";"LINX";"47.07";"235,35000";"n/a";"n/a";"Finance"
"LIXC4";"LIX DA CUNHA";"3.71";"25970,00000";"n/a";"n/a";"Finance"
"LLIS3";"LLIS";"7.00";"35784,00000";"n/a";"n/a";"Finance"
"LLIS3F";"LLIS";"7.00";"288,11001";"n/a";"n/a";"Finance"
"LOGN3";"LOGÍSTICA IN";"3.06";"189559,11000";"n/a";"n/a";"Finance"
"LOGN3F";"LOGÍSTICA IN";"3.06";"604,96020";"n/a";"n/a";"Finance"
"LPSB3";"LPSB";"6.50";"197848,04300";"n/a";"n/a";"Finance"
"LPSB3F";"LPSB";"6.52";"6,52000";"n/a";"n/a";"Finance"
"LREN3";"LOJAS RENNER";"82.90";"18772038,96000";"n/a";"n/a";"Finance"
"LREN3F";"LOJAS RENNER";"82.86";"87705,13020";"n/a";"n/a";"Finance"
"LUPA3";"LUPA";"0.05";"27059,35500";"n/a";"n/a";"Finance"
"LUPA3F";"LUPA";"0.05";"0,25000";"n/a";"n/a";"Finance"
"MAGG3";"MAGNESITA";"1.82";"309850,70000";"n/a";"n/a";"Finance"
"MAGG3F";"MAGNESITA";"1.84";"146,90000";"n/a";"n/a";"Finance"
"MAGG3T";"MAGNESITA";"1.89";"169644,30947";"n/a";"n/a";"Finance"
"MATB11";"IT NOW IMAT";"13.73";"266,50000";"n/a";"n/a";"Finance"
"MAXR11B";"FII MAX RET";"1109.50";"38837,50000";"n/a";"n/a";"Finance"
"MDIA3";"M.DIASBRANCO";"84.11";"1309249,30800";"n/a";"n/a";"Finance"
"MDIA3F";"M.DIASBRANCO";"84.54";"20851,18952";"n/a";"n/a";"Finance"
"MFII11";"FII MERITO I";"100.99";"100,99000";"n/a";"n/a";"Finance"
"MGEL4";"MANGELS INDL";"0.79";"20224,00000";"n/a";"n/a";"Finance"
"MGLU3";"MGLU";"5.24";"3582685,93400";"n/a";"n/a";"Finance"
"MGLU3F";"MGLU";"5.21";"2601,08270";"n/a";"n/a";"Finance"
"MIBV";"IBOVMINI";"5035.54";"0,00000";"n/a";"n/a";"Finance"
"MILA11";"ISHARES MILA";"45.68";"4568,00000";"n/a";"n/a";"Finance"
"MILS3";"Mills Estruturas e Serv. de Engenharia";"7.30";"3708546,34100";"n/a";"n/a";"Finance"
"MILS3F";"Mills Estruturas e Serv. de Engenharia";"7.29";"1794,61057";"n/a";"n/a";"Finance"
"MLCX";"IMIDLARGECAP";"963.56";"0,00000";"n/a";"n/a";"Finance"
"MLFT4";"LA FONTE PAR";"1.17";"1170,00000";"n/a";"n/a";"Finance"
"MMXM3";"MMX MINER";"0.68";"20240,20000";"n/a";"n/a";"Finance"
"MMXM3F";"MMX MINER";"0.67";"56,28000";"n/a";"n/a";"Finance"
"MNDL3";"MUNDIAL";"5.30";"530,00000";"n/a";"n/a";"Finance"
"MNDL3F";"MUNDIAL";"5.40";"114,40000";"n/a";"n/a";"Finance"
"MNPR3";"MINUPAR";"0.05";"3100,00000";"n/a";"n/a";"Finance"
"MOBI11";"ISHARES MOBI";"10.60";"16157,00000";"n/a";"n/a";"Finance"
"MPLU3";"MULTIPLUS S.A";"35.58";"3119393,62500";"n/a";"n/a";"Finance"
"MPLU3F";"MULTIPLUS S.A";"35.64";"14233,17894";"n/a";"n/a";"Finance"
"MPLUC5";"MULTIPLUS S.A";"1.41";"81780,00000";"n/a";"n/a";"Finance"
"MPLUE71";"MULTIPLUS S.A";"1.93";"115800,00000";"n/a";"n/a";"Finance"
"MPLUO2";"MULTIPLUS S.A";"0.01";"580,00000";"n/a";"n/a";"Finance"
"MPLUO58";"MULTIPLUS S.A";"0.01";"580,00000";"n/a";"n/a";"Finance"
"MPLUQ69";"MULTIPLUS S.A";"0.08";"4800,00000";"n/a";"n/a";"Finance"
"MPLUQ70";"MULTIPLUS S.A";"0.61";"36600,00000";"n/a";"n/a";"Finance"
"MRFG3";"Marfrig Frig";"4.31";"8682102,11600";"n/a";"n/a";"Finance"
"MRFG3F";"Marfrig Frig";"4.32";"1039,05198";"n/a";"n/a";"Finance"
"MRVE3";"MRV ENGENHAR";"6.78";"17390378,88200";"n/a";"n/a";"Finance"
"MRVE3F";"MRV ENGENHAR";"6.80";"4625,66362";"n/a";"n/a";"Finance"
"MTIG4";"METAL IGUACU";"0.07";"2731,00000";"n/a";"n/a";"Finance"
"MTSA4";"METISA";"11.36";"4522,00100";"n/a";"n/a";"Finance"
"MTSA4F";"METISA";"11.50";"230,00000";"n/a";"n/a";"Finance"
"MULT3";"Multiplan";"51.30";"9130877,17500";"n/a";"n/a";"Finance"
"MULT3F";"Multiplan";"51.38";"23423,88850";"n/a";"n/a";"Finance"
"MXRF11";"FII MAXI REN";"79.99";"576206,45533";"n/a";"n/a";"Finance"
"MYPK3";"IOCHP-MAXION";"10.69";"4833792,25600";"n/a";"n/a";"Finance"
"MYPK3F";"IOCHP-MAXION";"10.60";"3241,82182";"n/a";"n/a";"Finance"
"NATU3";"NATURA";"25.28";"9663795,17600";"n/a";"n/a";"Finance"
"NATU3F";"NATURA";"25.31";"28994,18776";"n/a";"n/a";"Finance"
"NFLX34F";"NETFLIX";"1370.00";"27400,00000";"n/a";"n/a";"Finance"
"NIKE34";"NIKE";"298.63";"447945,00000";"n/a";"n/a";"Finance"
"NSLU11B";"N S Lourdes";"179.00";"5022,26996";"n/a";"n/a";"Finance"
"NUTR3";"NUTRIPLANT ON MA";"1.10";"1870,00000";"n/a";"n/a";"Finance"
"ODPV3";"Odontoprev";"10.68";"11117318,28000";"n/a";"n/a";"Finance"
"ODPV3F";"Odontoprev";"10.71";"7451,26912";"n/a";"n/a";"Finance"
"OGXP3";"OGX PETROLEO";"0.07";"110667,83000";"n/a";"n/a";"Finance"
"OGXP3F";"OGX PETROLEO";"0.07";"10,92000";"n/a";"n/a";"Finance"
"OGXP3T";"OGX PETROLEO";"0.09";"16232,10400";"n/a";"n/a";"Finance"
"OIBR3";"OI SA";"7.05";"5307692,89800";"n/a";"n/a";"Finance"
"OIBR3F";"OI SA";"7.00";"5312,92590";"n/a";"n/a";"Finance"
"OIBR4";"OI SA";"6.65";"30399211,88000";"n/a";"n/a";"Finance"
"OIBR4F";"OI SA";"6.61";"22282,08170";"n/a";"n/a";"Finance"
"OIBR4T";"OI SA";"6.91";"17042,39695";"n/a";"n/a";"Finance"
"OIBRC35";"OI SA";"1.38";"1038,99800";"n/a";"n/a";"Finance"
"OIBRC36";"OI SA";"0.48";"4770,04800";"n/a";"n/a";"Finance"
"OIBRC37";"OI SA";"0.14";"14,00000";"n/a";"n/a";"Finance"
"OIBRC4";"OI SA";"2.68";"2518,00200";"n/a";"n/a";"Finance"
"OIBRC45";"OI SA";"2.19";"3267,00300";"n/a";"n/a";"Finance"
"OIBRC5";"OI SA";"1.68";"12538,97400";"n/a";"n/a";"Finance"
"OIBRC6";"OI SA";"0.85";"25838,25300";"n/a";"n/a";"Finance"
"OIBRC7";"OI SA";"0.18";"9776,01600";"n/a";"n/a";"Finance"
"OIBRC80";"OI SA";"0.03";"624,00000";"n/a";"n/a";"Finance"
"OIBRC85";"OI SA";"0.02";"40,00000";"n/a";"n/a";"Finance"
"OIBRD5";"OI SA";"1.76";"176,00000";"n/a";"n/a";"Finance"
"OIBRD55";"OI SA";"1.47";"1510,00500";"n/a";"n/a";"Finance"
"OIBRD60";"OI SA";"1.22";"3067,01000";"n/a";"n/a";"Finance"
"OIBRD65";"OI SA";"0.90";"9098,94400";"n/a";"n/a";"Finance"
"OIBRD70";"OI SA";"0.61";"4260,00200";"n/a";"n/a";"Finance"
"OIBRD75";"OI SA";"0.39";"366,00000";"n/a";"n/a";"Finance"
"OIBRO6";"OI SA";"0.09";"270,00000";"n/a";"n/a";"Finance"
"OIBRO7";"OI SA";"0.50";"50,00000";"n/a";"n/a";"Finance"
"OIBRP60";"OI SA";"0.35";"35,00000";"n/a";"n/a";"Finance"
"OIBRP70";"OI SA";"0.80";"80,00000";"n/a";"n/a";"Finance"
"ONEF11";"FII THE ONE";"740.00";"191517,99984";"n/a";"n/a";"Finance"
"OSXB3";"OSXB";"0.18";"91563,98000";"n/a";"n/a";"Finance"
"PCAR4";"P.ACUCAR-CBD";"96.66";"26171498,59800";"n/a";"n/a";"Finance"
"PCAR4F";"P.ACUCAR-CBD";"96.78";"112156,23972";"n/a";"n/a";"Finance"
"PDGR3";"PDG REALT";"0.42";"1890617,23200";"n/a";"n/a";"Finance"
"PDGR3F";"PDG REALT";"0.42";"33,36000";"n/a";"n/a";"Finance"
"PDGRD45";"PDG REALT";"0.05";"5445,00000";"n/a";"n/a";"Finance"
"PDGRP45";"PDG REALT";"0.07";"1470,00000";"n/a";"n/a";"Finance"
"PETR3";"PETROBRAS";"9.16";"51040164,12800";"n/a";"n/a";"Finance"
"PETR3F";"PETROBRAS";"9.15";"10202,37725";"n/a";"n/a";"Finance"
"PETR4";"PETROBRAS";"9.25";"136071764,52000";"n/a";"n/a";"Finance"
"PETR4F";"PETROBRAS";"9.26";"33906,47088";"n/a";"n/a";"Finance"
"PETR4T";"PETROBRAS";"9.54";"1194237,64356";"n/a";"n/a";"Finance"
"PETRA33";"PETROBRAS";"1.67";"3210,00000";"n/a";"n/a";"Finance"
"PETRA37";"PETROBRAS";"1.15";"1150,00000";"n/a";"n/a";"Finance"
"PETRA6";"PETROBRAS";"0.74";"740,00000";"n/a";"n/a";"Finance"
"PETRB37";"PETROBRAS";"1.10";"5500,00000";"n/a";"n/a";"Finance"
"PETRC10";"PETROBRAS";"0.03";"135483,94600";"n/a";"n/a";"Finance"
"PETRC11";"PETROBRAS";"1.67";"163010,23300";"n/a";"n/a";"Finance"
"PETRC12";"PETROBRAS";"1.51";"18114,01200";"n/a";"n/a";"Finance"
"PETRC13";"PETROBRAS";"1.31";"127119,79000";"n/a";"n/a";"Finance"
"PETRC14";"PETROBRAS";"1.12";"25941,20000";"n/a";"n/a";"Finance"
"PETRC15";"PETROBRAS";"0.93";"9039,04200";"n/a";"n/a";"Finance"
"PETRC16";"PETROBRAS";"0.78";"882888,80800";"n/a";"n/a";"Finance"
"PETRC18";"PETROBRAS";"0.63";"113792,23800";"n/a";"n/a";"Finance"
"PETRC20";"PETROBRAS";"2.07";"1035,00000";"n/a";"n/a";"Finance"
"PETRC25";"PETROBRAS";"0.07";"612508,59300";"n/a";"n/a";"Finance"
"PETRC31";"PETROBRAS";"0.01";"18906,54700";"n/a";"n/a";"Finance"
"PETRC35";"PETROBRAS";"0.01";"3880,00000";"n/a";"n/a";"Finance"
"PETRC38";"PETROBRAS";"0.01";"14,00000";"n/a";"n/a";"Finance"
"PETRC39";"PETROBRAS";"0.01";"25,00000";"n/a";"n/a";"Finance"
"PETRC47";"PETROBRAS";"1.89";"70969,81200";"n/a";"n/a";"Finance"
"PETRC50";"PETROBRAS";"0.48";"319908,60100";"n/a";"n/a";"Finance"
"PETRC51";"PETROBRAS";"0.36";"1206937,44000";"n/a";"n/a";"Finance"
"PETRC52";"PETROBRAS";"0.27";"405566,04000";"n/a";"n/a";"Finance"
"PETRC53";"PETROBRAS";"0.19";"2139088,82500";"n/a";"n/a";"Finance"
"PETRC54";"PETROBRAS";"0.13";"129764,05000";"n/a";"n/a";"Finance"
"PETRC58";"PETROBRAS";"0.23";"23360,00000";"n/a";"n/a";"Finance"
"PETRC6";"PETROBRAS";"3.27";"6560,00000";"n/a";"n/a";"Finance"
"PETRC60";"PETROBRAS";"0.01";"300,00000";"n/a";"n/a";"Finance"
"PETRC61";"PETROBRAS";"0.01";"500,00000";"n/a";"n/a";"Finance"
"PETRC62";"PETROBRAS";"0.01";"2898,00000";"n/a";"n/a";"Finance"
"PETRC63";"PETROBRAS";"0.02";"42629,71400";"n/a";"n/a";"Finance"
"PETRC7";"PETROBRAS";"2.29";"206199,45600";"n/a";"n/a";"Finance"
"PETRC72";"PETROBRAS";"2.08";"116984,46200";"n/a";"n/a";"Finance"
"PETRC8";"PETROBRAS";"1.38";"690,00000";"n/a";"n/a";"Finance"
"PETRC9";"PETROBRAS";"2.28";"13949,94900";"n/a";"n/a";"Finance"
"PETRD10";"PETROBRAS";"0.43";"397554,94400";"n/a";"n/a";"Finance"
"PETRD11";"PETROBRAS";"0.21";"229005,72000";"n/a";"n/a";"Finance"
"PETRD13";"PETROBRAS";"0.06";"79787,49600";"n/a";"n/a";"Finance"
"PETRD21";"PETROBRAS";"2.05";"11377,00000";"n/a";"n/a";"Finance"
"PETRD27";"PETROBRAS";"1.30";"7020,00000";"n/a";"n/a";"Finance"
"PETRD3";"PETROBRAS";"2.15";"6665,00000";"n/a";"n/a";"Finance"
"PETRD37";"PETROBRAS";"0.04";"10644,00000";"n/a";"n/a";"Finance"
"PETRD38";"PETROBRAS";"0.24";"432,00000";"n/a";"n/a";"Finance"
"PETRD40";"PETROBRAS";"0.31";"81807,83400";"n/a";"n/a";"Finance"
"PETRD42";"PETROBRAS";"0.83";"30081,06800";"n/a";"n/a";"Finance"
"PETRD43";"PETROBRAS";"0.73";"42811,39800";"n/a";"n/a";"Finance"
"PETRD44";"PETROBRAS";"0.65";"74168,98300";"n/a";"n/a";"Finance"
"PETRD60";"PETROBRAS";"0.03";"10460,91200";"n/a";"n/a";"Finance"
"PETRD62";"PETROBRAS";"1.58";"18832,00800";"n/a";"n/a";"Finance"
"PETRD63";"PETROBRAS";"0.02";"1660,00000";"n/a";"n/a";"Finance"
"PETRD64";"PETROBRAS";"1.48";"15497,05600";"n/a";"n/a";"Finance"
"PETRD65";"PETROBRAS";"0.02";"40,00000";"n/a";"n/a";"Finance"
"PETRD66";"PETROBRAS";"0.02";"140,00000";"n/a";"n/a";"Finance"
"PETRD67";"PETROBRAS";"1.30";"1409,00300";"n/a";"n/a";"Finance"
"PETRD68";"PETROBRAS";"1.21";"12870,86400";"n/a";"n/a";"Finance"
"PETRD69";"PETROBRAS";"1.05";"36670,10500";"n/a";"n/a";"Finance"
"PETRD7";"PETROBRAS";"2.45";"2450,00000";"n/a";"n/a";"Finance"
"PETRD74";"PETROBRAS";"0.95";"2988,01300";"n/a";"n/a";"Finance"
"PETRD75";"PETROBRAS";"0.15";"169160,68300";"n/a";"n/a";"Finance"
"PETRD76";"PETROBRAS";"0.12";"960,00000";"n/a";"n/a";"Finance"
"PETRD77";"PETROBRAS";"0.10";"236714,61400";"n/a";"n/a";"Finance"
"PETRD78";"PETROBRAS";"0.08";"283,00400";"n/a";"n/a";"Finance"
"PETRD79";"PETROBRAS";"0.08";"56027,30000";"n/a";"n/a";"Finance"
"PETRD9";"PETROBRAS";"0.99";"34287,73800";"n/a";"n/a";"Finance"
"PETRD98";"PETROBRAS";"0.55";"29563,51200";"n/a";"n/a";"Finance"
"PETRE10";"PETROBRAS";"0.71";"52120,29000";"n/a";"n/a";"Finance"
"PETRE11";"PETROBRAS";"0.40";"28100,09600";"n/a";"n/a";"Finance"
"PETRE12";"PETROBRAS";"0.22";"11023,93800";"n/a";"n/a";"Finance"
"PETRE13";"PETROBRAS";"0.14";"700,00000";"n/a";"n/a";"Finance"
"PETRE14";"PETROBRAS";"0.08";"16,00000";"n/a";"n/a";"Finance"
"PETRE15";"PETROBRAS";"0.04";"40,00000";"n/a";"n/a";"Finance"
"PETRE16";"PETROBRAS";"0.03";"630,00000";"n/a";"n/a";"Finance"
"PETRE40";"PETROBRAS";"0.56";"44513,40000";"n/a";"n/a";"Finance"
"PETRE42";"PETROBRAS";"0.17";"8500,00000";"n/a";"n/a";"Finance"
"PETRE43";"PETROBRAS";"0.10";"95,00000";"n/a";"n/a";"Finance"
"PETRE50";"PETROBRAS";"4.41";"441,00000";"n/a";"n/a";"Finance"
"PETRE6";"PETROBRAS";"3.61";"361,00000";"n/a";"n/a";"Finance"
"PETRE64";"PETROBRAS";"0.05";"40,00000";"n/a";"n/a";"Finance"
"PETRE7";"PETROBRAS";"2.61";"261,00000";"n/a";"n/a";"Finance"
"PETRE74";"PETROBRAS";"0.06";"90,00000";"n/a";"n/a";"Finance"
"PETRE76";"PETROBRAS";"0.02";"40,00000";"n/a";"n/a";"Finance"
"PETRE98";"PETROBRAS";"0.83";"2490,00000";"n/a";"n/a";"Finance"
"PETRF11";"PETROBRAS";"0.54";"100,00000";"n/a";"n/a";"Finance"
"PETRF40";"PETROBRAS";"0.74";"74,00000";"n/a";"n/a";"Finance"
"PETRF41";"PETROBRAS";"0.42";"2510,01200";"n/a";"n/a";"Finance"
"PETRF90";"PETROBRAS";"1.38";"422,00000";"n/a";"n/a";"Finance"
"PETRO10";"PETROBRAS";"1.39";"105237,07400";"n/a";"n/a";"Finance"
"PETRO11";"PETROBRAS";"0.02";"11022,00000";"n/a";"n/a";"Finance"
"PETRO12";"PETROBRAS";"0.03";"3285,00000";"n/a";"n/a";"Finance"
"PETRO13";"PETROBRAS";"0.04";"42284,00000";"n/a";"n/a";"Finance"
"PETRO14";"PETROBRAS";"0.05";"13705,09000";"n/a";"n/a";"Finance"
"PETRO15";"PETROBRAS";"0.08";"20962,36800";"n/a";"n/a";"Finance"
"PETRO16";"PETROBRAS";"0.11";"78168,75000";"n/a";"n/a";"Finance"
"PETRO18";"PETROBRAS";"0.15";"63292,62000";"n/a";"n/a";"Finance"
"PETRO25";"PETROBRAS";"0.92";"19432,95100";"n/a";"n/a";"Finance"
"PETRO31";"PETROBRAS";"2.37";"9480,00000";"n/a";"n/a";"Finance"
"PETRO39";"PETROBRAS";"4.35";"4400,00000";"n/a";"n/a";"Finance"
"PETRO47";"PETROBRAS";"0.01";"620,00000";"n/a";"n/a";"Finance"
"PETRO50";"PETROBRAS";"0.21";"129768,76400";"n/a";"n/a";"Finance"
"PETRO51";"PETROBRAS";"0.29";"160548,50600";"n/a";"n/a";"Finance"
"PETRO52";"PETROBRAS";"0.38";"95403,10400";"n/a";"n/a";"Finance"
"PETRO53";"PETROBRAS";"0.51";"160569,96600";"n/a";"n/a";"Finance"
"PETRO54";"PETROBRAS";"0.66";"57034,80000";"n/a";"n/a";"Finance"
"PETRO6";"PETROBRAS";"0.01";"3800,00000";"n/a";"n/a";"Finance"
"PETRO62";"PETROBRAS";"2.87";"30009,97500";"n/a";"n/a";"Finance"
"PETRO63";"PETROBRAS";"1.86";"1860,00000";"n/a";"n/a";"Finance"
"PETRO7";"PETROBRAS";"0.01";"3180,30000";"n/a";"n/a";"Finance"
"PETRO8";"PETROBRAS";"0.03";"2424,00000";"n/a";"n/a";"Finance"
"PETRP10";"PETROBRAS";"1.18";"2360,00000";"n/a";"n/a";"Finance"
"PETRP14";"PETROBRAS";"0.60";"905,00000";"n/a";"n/a";"Finance"
"PETRP40";"PETROBRAS";"1.53";"30600,00000";"n/a";"n/a";"Finance"
"PETRP42";"PETROBRAS";"0.66";"14121,98400";"n/a";"n/a";"Finance"
"PETRP43";"PETROBRAS";"0.75";"3830,00000";"n/a";"n/a";"Finance"
"PETRP44";"PETROBRAS";"0.84";"2708,98700";"n/a";"n/a";"Finance"
"PETRP62";"PETROBRAS";"0.25";"61772,51400";"n/a";"n/a";"Finance"
"PETRP64";"PETROBRAS";"0.31";"1798,00800";"n/a";"n/a";"Finance"
"PETRP67";"PETROBRAS";"0.35";"2276,00800";"n/a";"n/a";"Finance"
"PETRP68";"PETROBRAS";"0.41";"205,00000";"n/a";"n/a";"Finance"
"PETRP69";"PETROBRAS";"0.49";"1980,00000";"n/a";"n/a";"Finance"
"PETRP7";"PETROBRAS";"0.11";"3840,97100";"n/a";"n/a";"Finance"
"PETRP74";"PETROBRAS";"0.55";"6889,96200";"n/a";"n/a";"Finance"
"PETRP77";"PETROBRAS";"2.84";"29730,00000";"n/a";"n/a";"Finance"
"PETRP79";"PETROBRAS";"3.30";"1650,00000";"n/a";"n/a";"Finance"
"PETRP9";"PETROBRAS";"0.52";"104,00000";"n/a";"n/a";"Finance"
"PETRQ1";"PETROBRAS";"0.75";"5250,00000";"n/a";"n/a";"Finance"
"PETRQ7";"PETROBRAS";"0.22";"22,00000";"n/a";"n/a";"Finance"
"PETRQ8";"PETROBRAS";"0.39";"156,00000";"n/a";"n/a";"Finance"
"PETRQ86";"PETROBRAS";"0.58";"116,00000";"n/a";"n/a";"Finance"
"PETRQ96";"PETROBRAS";"1.02";"205,00000";"n/a";"n/a";"Finance"
"PETRQ98";"PETROBRAS";"1.14";"3420,00000";"n/a";"n/a";"Finance"
"PETRR10";"PETROBRAS";"1.34";"19489,94000";"n/a";"n/a";"Finance"
"PETRR76";"PETROBRAS";"0.39";"4290,00000";"n/a";"n/a";"Finance"
"PETRR94";"PETROBRAS";"1.03";"34693,95200";"n/a";"n/a";"Finance"
"PFIZ34";"PFIZER";"104.48";"31344,00000";"n/a";"n/a";"Finance"
"PFRM3";"PROFARMA";"5.40";"46688,88000";"n/a";"n/a";"Finance"
"PFRM3F";"PROFARMA";"5.55";"94,35000";"n/a";"n/a";"Finance"
"PGCO34";"PG";"256.90";"51380,00000";"n/a";"n/a";"Finance"
"PIBB11";"PIBB";"86.32";"897821,12680";"n/a";"n/a";"Finance"
"PIBB11F";"PIBB";"86.21";"689,68000";"n/a";"n/a";"Finance"
"PINE4";"PINE";"4.71";"8923,00800";"n/a";"n/a";"Finance"
"PINE4F";"PINE";"4.68";"168,26000";"n/a";"n/a";"Finance"
"PLAS3";"PLASCAR PART";"0.23";"17272,37500";"n/a";"n/a";"Finance"
"PLAS3F";"PLASCAR PART";"0.37";"0,37000";"n/a";"n/a";"Finance"
"PLRI11";"FII POLO I";"106.00";"16112,00000";"n/a";"n/a";"Finance"
"PMAM3";"PARANAPANEMA";"2.36";"69592,19000";"n/a";"n/a";"Finance"
"PMAM3T";"PARANAPANEMA";"2.46";"24756,56100";"n/a";"n/a";"Finance"
"POMO3";"MARCOPOLO";"2.09";"209,00000";"n/a";"n/a";"Finance"
"POMO4";"MARCOPOLO";"2.15";"3023207,98100";"n/a";"n/a";"Finance"
"POMO4F";"MARCOPOLO";"2.15";"624,88864";"n/a";"n/a";"Finance"
"POSI3";"POSI";"2.13";"421523,07000";"n/a";"n/a";"Finance"
"POSI3F";"POSI";"2.09";"229,81004";"n/a";"n/a";"Finance"
"PQDP11";"PQDP";"1202.99";"74701,42060";"n/a";"n/a";"Finance"
"PRBC4";"Paraná Banco";"9.59";"9719199,95200";"n/a";"n/a";"Finance"
"PRML3";"PRUMO";"0.30";"165646,03300";"n/a";"n/a";"Finance"
"PRSV11";"PRSV";"595.00";"52824,23008";"n/a";"n/a";"Finance"
"PRVI3";"Providência";"8.11";"4055,00000";"n/a";"n/a";"Finance"
"PSSA3";"PORTO SEGURO";"30.38";"3858904,35500";"n/a";"n/a";"Finance"
"PSSA3F";"PORTO SEGURO";"30.22";"14336,01048";"n/a";"n/a";"Finance"
"QGEP3";"QGEP";"6.55";"2196965,21000";"n/a";"n/a";"Finance"
"QGEP3F";"QGEP";"6.52";"1132,13931";"n/a";"n/a";"Finance"
"QUAL3";"Qualicorp S.A.";"24.93";"22387937,65000";"n/a";"n/a";"Finance"
"QUAL3F";"Qualicorp S.A.";"24.96";"17698,45952";"n/a";"n/a";"Finance"
"RADL3";"RAIADROGASIL";"27.70";"2835102,91800";"n/a";"n/a";"Finance"
"RADL3F";"RAIADROGASIL";"27.73";"12554,89435";"n/a";"n/a";"Finance"
"RAPT3";"RANDON PART";"3.10";"8457,00700";"n/a";"n/a";"Finance"
"RAPT3F";"RANDON PART";"3.10";"248,00000";"n/a";"n/a";"Finance"
"RAPT4";"RANDON PART";"3.55";"4548076,84000";"n/a";"n/a";"Finance"
"RAPT4F";"RANDON PART";"3.55";"1981,26282";"n/a";"n/a";"Finance"
"RAPT4T";"RANDON PART";"3.63";"18131,28207";"n/a";"n/a";"Finance"
"RBBV11";"FII JHSF FBV";"67.60";"1622,49000";"n/a";"n/a";"Finance"
"RBGS11";"FII RB GSB I";"50.38";"6253,16053";"n/a";"n/a";"Finance"
"RBPD11";"FII RBPRIME2";"18.55";"5027,04040";"n/a";"n/a";"Finance"
"RBPR11";"FII RBPRIME1";"8.10";"234,90000";"n/a";"n/a";"Finance"
"RBRD11";"FII RB II";"68.89";"15393,94860";"n/a";"n/a";"Finance"
"RBVO11";"FII RIOBCRI2";"86.04";"8604,00000";"n/a";"n/a";"Finance"
"RCSL4";"RECRUSUL";"0.03";"74,00000";"n/a";"n/a";"Finance"
"RDNI3";"RDNI";"6.61";"1325,00000";"n/a";"n/a";"Finance"
"RENT3";"LOCALIZA";"33.80";"12828249,91400";"n/a";"n/a";"Finance"
"RENT3F";"LOCALIZA";"33.74";"16108,54563";"n/a";"n/a";"Finance"
"RLOG3";"COSAN LOG";"2.93";"1388370,80800";"n/a";"n/a";"Finance"
"RLOG3F";"COSAN LOG";"2.91";"701,85072";"n/a";"n/a";"Finance"
"RNAR3";"RENAR MAÇÃS";"4.09";"3639,00000";"n/a";"n/a";"Finance"
"RNEW11";"RENOVA ENERGIA";"33.00";"3300,00000";"n/a";"n/a";"Finance"
"RNEW11F";"RENOVA ENERGIA";"33.80";"2704,00000";"n/a";"n/a";"Finance"
"RNGO11";"RNGO";"76.99";"828665,21531";"n/a";"n/a";"Finance"
"ROMI3";"INDS ROMI";"1.69";"33475,19500";"n/a";"n/a";"Finance"
"ROMI3F";"INDS ROMI";"1.71";"75,24000";"n/a";"n/a";"Finance"
"RPMG1";"PET MANGUINH";"0.03";"980,34400";"n/a";"n/a";"Finance"
"RPMG3";"PET MANGUINH";"0.25";"27705,07100";"n/a";"n/a";"Finance"
"RPMG3F";"PET MANGUINH";"0.23";"11,27000";"n/a";"n/a";"Finance"
"RSID3";"ROSSI RESID";"2.80";"870600,88000";"n/a";"n/a";"Finance"
"RSID3F";"ROSSI RESID";"2.74";"1047,29253";"n/a";"n/a";"Finance"
"SAAG11";"FII SANT AGE";"84.50";"162256,25704";"n/a";"n/a";"Finance"
"SANB11";"Santander";"13.98";"8685164,72800";"n/a";"n/a";"Finance"
"SANB11F";"Santander";"13.93";"20489,82358";"n/a";"n/a";"Finance"
"SANB3";"Santander";"7.65";"9998,99900";"n/a";"n/a";"Finance"
"SANB3F";"Santander";"7.50";"135,00000";"n/a";"n/a";"Finance"
"SANB4";"Santander";"6.25";"1250,00000";"n/a";"n/a";"Finance"
"SANB4F";"Santander";"6.10";"1576,95079";"n/a";"n/a";"Finance"
"SAPR4";"SANEPAR";"5.28";"6843,00000";"n/a";"n/a";"Finance"
"SAPR4F";"SANEPAR";"5.12";"230,40000";"n/a";"n/a";"Finance"
"SBSP3";"SABESP";"16.47";"5716977,72000";"n/a";"n/a";"Finance"
"SBSP3F";"SABESP";"16.45";"10493,41016";"n/a";"n/a";"Finance"
"SCAR3";"SAO CARLOS";"31.50";"34739,00000";"n/a";"n/a";"Finance"
"SDIL11";"FII SDI LOG";"77.89";"102722,21330";"n/a";"n/a";"Finance"
"SEER3";"SER EDUCACIONAL S.A.";"11.69";"2388933,09000";"n/a";"n/a";"Finance"
"SGAS4";"SUPERGASBRAS";"74.20";"29680,00000";"n/a";"n/a";"Finance"
"SGPS3";"SGPS";"0.96";"50415,07300";"n/a";"n/a";"Finance"
"SGPS3F";"SGPS";"0.96";"13,44000";"n/a";"n/a";"Finance"
"SHOW3";"SHOW";"2.23";"47801,87500";"n/a";"n/a";"Finance"
"SHUL4";"SCHULZ";"3.50";"5499,99800";"n/a";"n/a";"Finance"
"SLCE3";"SLC Agrícola";"14.00";"389470,62500";"n/a";"n/a";"Finance"
"SLCE3F";"SLC Agrícola";"14.00";"956,96014";"n/a";"n/a";"Finance"
"SLED4";"SARAIVA LIVR";"4.24";"56750,03200";"n/a";"n/a";"Finance"
"SMAL11";"ISHARES SMAL";"48.32";"240308,47250";"n/a";"n/a";"Finance"
"SMLE3";"SMILE";"48.18";"19434945,27800";"n/a";"n/a";"Finance"
"SMLE3F";"SMILE";"48.25";"25203,23458";"n/a";"n/a";"Finance"
"SMLL";"ISMALLCAP";"995.24";"0,00000";"n/a";"n/a";"Finance"
"SMTO3";"SAO MARTINHO";"36.29";"1913774,82500";"n/a";"n/a";"Finance"
"SMTO3F";"SAO MARTINHO";"36.26";"2732,16030";"n/a";"n/a";"Finance"
"SNSL3";"SENIOR SOL";"10.89";"42490,98800";"n/a";"n/a";"Finance"
"SNSL3F";"SENIOR SOL";"10.99";"54,95000";"n/a";"n/a";"Finance"
"SNSY5";"SANSUY";"0.49";"2219,03500";"n/a";"n/a";"Finance"
"SP500";"S&P 500";"2075.15";"0,00000";"n/a";"n/a";"Finance"
"SP500";"SP500";"2075.15";"0,00000";"n/a";"n/a";"Finance"
"SPTW11";"SP DOWNTOWN";"69.00";"87392,56920";"n/a";"n/a";"Finance"
"SPXI11";"IT NOW SPXI";"64.20";"134989,99020";"n/a";"n/a";"Finance"
"SSBR3";"Sonae";"18.01";"30967,00000";"n/a";"n/a";"Finance"
"SSBR3F";"Sonae";"18.70";"74,80000";"n/a";"n/a";"Finance"
"STBP11F";"Santos BRP";"11.85";"166,10000";"n/a";"n/a";"Finance"
"SULA11";"SULA";"12.86";"3117311,88000";"n/a";"n/a";"Finance"
"SULA11F";"SULA";"12.87";"11886,18320";"n/a";"n/a";"Finance"
"SULT4";"SULTEPA";"0.56";"560,00000";"n/a";"n/a";"Finance"
"SUZB5";"SUZANO PAPEL";"12.94";"24850745,19200";"n/a";"n/a";"Finance"
"SUZB5F";"SUZANO PAPEL";"12.92";"17941,63667";"n/a";"n/a";"Finance"
"SUZB6";"SUZANO PAPEL";"9.07";"2721,00000";"n/a";"n/a";"Finance"
"TAEE11";"TAESA";"20.42";"4080994,75000";"n/a";"n/a";"Finance"
"TAEE11F";"TAESA";"20.44";"17673,83243";"n/a";"n/a";"Finance"
"TBLE3";"TRACTEBEL";"32.75";"12210234,08100";"n/a";"n/a";"Finance"
"TBLE3F";"TRACTEBEL";"32.90";"13328,11123";"n/a";"n/a";"Finance"
"TBOF11";"FII TBOFFICE";"51.49";"212810,45550";"n/a";"n/a";"Finance"
"TCNO3";"TECNOSOLO";"0.15";"36131,08000";"n/a";"n/a";"Finance"
"TCNO3F";"TECNOSOLO";"0.20";"0,20000";"n/a";"n/a";"Finance"
"TCNO4";"TECNOSOLO";"0.08";"5085,87400";"n/a";"n/a";"Finance"
"TCNO4F";"TECNOSOLO";"0.12";"0,12000";"n/a";"n/a";"Finance"
"TCSA3";"TECNISA";"3.90";"1289643,12000";"n/a";"n/a";"Finance"
"TCSA3F";"TECNISA";"3.91";"82,51000";"n/a";"n/a";"Finance"
"TECN3";"TECHNOS";"7.10";"10787322,10800";"n/a";"n/a";"Finance"
"TECN3F";"TECHNOS";"7.24";"397,00000";"n/a";"n/a";"Finance"
"TEKA4";"TEKA";"0.24";"10986,21000";"n/a";"n/a";"Finance"
"TEKA4F";"TEKA";"0.50";"0,50000";"n/a";"n/a";"Finance"
"TELB3F";"TELEBRAS";"1.22";"1,22000";"n/a";"n/a";"Finance"
"TELB4";"TELEBRAS";"1.25";"2500,00000";"n/a";"n/a";"Finance"
"TELB4F";"TELEBRAS";"1.12";"1,12000";"n/a";"n/a";"Finance"
"TEMP3";"TEMP";"3.11";"49394,99800";"n/a";"n/a";"Finance"
"TERI3";"TEREOS";"0.99";"54255,99600";"n/a";"n/a";"Finance"
"TF473";"ATIVO TESTE";"10.00";"124192,71690";"n/a";"n/a";"Finance"
"TF483";"ATIVO TESTE";"10.00";"121402,76048";"n/a";"n/a";"Finance"
"TF493";"ATIVO TESTE";"10.00";"122157,47177";"n/a";"n/a";"Finance"
"TF503";"ATIVO TESTE";"10.00";"127250,32987";"n/a";"n/a";"Finance"
"TF513";"ATIVO TESTE";"10.00";"85036,51288";"n/a";"n/a";"Finance"
"TF523";"ATIVO TESTE";"10.00";"95190,44800";"n/a";"n/a";"Finance"
"TF533";"ATIVO TESTE";"10.00";"109617,02680";"n/a";"n/a";"Finance"
"TF543";"ATIVO TESTE";"10.00";"85795,48022";"n/a";"n/a";"Finance"
"TF553";"ATIVO TESTE";"10.00";"92949,88348";"n/a";"n/a";"Finance"
"TF563";"ATIVO TESTE";"10.00";"97409,64936";"n/a";"n/a";"Finance"
"TF573";"ATIVO TESTE";"10.00";"79308,08950";"n/a";"n/a";"Finance"
"TF583";"ATIVO TESTE";"10.00";"76944,88780";"n/a";"n/a";"Finance"
"TF593";"ATIVO TESTE";"10.00";"71331,59113";"n/a";"n/a";"Finance"
"TF603";"ATIVO TESTE";"10.00";"77473,17214";"n/a";"n/a";"Finance"
"TF623";"ATIVO TESTE";"10.00";"79614,35800";"n/a";"n/a";"Finance"
"TGMA3";"Tegma Gestão";"14.00";"542428,12000";"n/a";"n/a";"Finance"
"TGMA3F";"Tegma Gestão";"13.80";"770,50000";"n/a";"n/a";"Finance"
"THRA11B";"FII BM THERA";"50.36";"310845,66068";"n/a";"n/a";"Finance"
"TIBR5F";"MILLENNIUM";"6.01";"300,50000";"n/a";"n/a";"Finance"
"TIMP3";"TIM PART S/A";"11.75";"11934205,11900";"n/a";"n/a";"Finance"
"TIMP3F";"TIM PART S/A";"11.80";"7738,48712";"n/a";"n/a";"Finance"
"TOTS3";"TOTVS";"33.81";"14971033,34700";"n/a";"n/a";"Finance"
"TOTS3F";"TOTVS";"33.83";"25989,40268";"n/a";"n/a";"Finance"
"TPIS3";"Triunfo Part";"3.91";"213917,84200";"n/a";"n/a";"Finance"
"TPIS3F";"Triunfo Part";"3.95";"163,85995";"n/a";"n/a";"Finance"
"TRNT11B";"FII TORRE NO";"170.00";"3910,00000";"n/a";"n/a";"Finance"
"TRPL4";"TRAN PAULIST";"40.95";"7640702,95200";"n/a";"n/a";"Finance"
"TRPL4F";"TRAN PAULIST";"41.04";"8022,22352";"n/a";"n/a";"Finance"
"TRPN3";"TARPON INV";"10.40";"3160,00000";"n/a";"n/a";"Finance"
"TRXL11";"FII TRX LOG";"93.01";"36616,65170";"n/a";"n/a";"Finance"
"TUPY3";"TUPY";"14.91";"552867,07000";"n/a";"n/a";"Finance"
"TWXB34";"TIME WARNER";"256.00";"563200,00000";"n/a";"n/a";"Finance"
"TXRX3";"TEX RENAUX";"0.32";"320,00000";"n/a";"n/a";"Finance"
"TXRX4";"TEX RENAUX";"0.28";"280,00000";"n/a";"n/a";"Finance"
"TXRX4F";"TEX RENAUX";"0.23";"0,23000";"n/a";"n/a";"Finance"
"UCAS3";"UNICASA INDUSTRIA DE MÓVEIS S.A.";"1.78";"13456,15000";"n/a";"n/a";"Finance"
"UGPA3";"ULTRAPAR";"58.06";"80512899,63000";"n/a";"n/a";"Finance"
"UGPA3F";"ULTRAPAR";"58.12";"57758,90628";"n/a";"n/a";"Finance"
"UNIP5";"UNIPAR";"5.09";"5518,00000";"n/a";"n/a";"Finance"
"UNIP6";"UNIPAR";"3.85";"72725,08900";"n/a";"n/a";"Finance"
"UNIP6F";"UNIPAR";"4.00";"473,78074";"n/a";"n/a";"Finance"
"USIM3";"USIMINAS";"9.89";"4402447,09500";"n/a";"n/a";"Finance"
"USIM3F";"USIMINAS";"9.91";"2876,61220";"n/a";"n/a";"Finance"
"USIM5";"USIMINAS";"4.35";"28194376,05000";"n/a";"n/a";"Finance"
"USIM5F";"USIMINAS";"4.34";"6113,38016";"n/a";"n/a";"Finance"
"USIMC14";"USIMINAS";"1.10";"2500,00000";"n/a";"n/a";"Finance"
"USIMC35";"USIMINAS";"0.82";"1230,00000";"n/a";"n/a";"Finance"
"USIMC40";"USIMINAS";"0.35";"13906,75000";"n/a";"n/a";"Finance"
"USIMC41";"USIMINAS";"0.26";"10025,08800";"n/a";"n/a";"Finance"
"USIMC42";"USIMINAS";"0.18";"1566,00000";"n/a";"n/a";"Finance"
"USIMC43";"USIMINAS";"0.17";"16500,50000";"n/a";"n/a";"Finance"
"USIMC44";"USIMINAS";"0.13";"6899,46500";"n/a";"n/a";"Finance"
"USIMC45";"USIMINAS";"0.09";"15133,95000";"n/a";"n/a";"Finance"
"USIMC46";"USIMINAS";"0.07";"748,00000";"n/a";"n/a";"Finance"
"USIMC5";"USIMINAS";"0.01";"4631,02500";"n/a";"n/a";"Finance"
"USIMD36";"USIMINAS";"0.73";"365,00000";"n/a";"n/a";"Finance"
"USIMD38";"USIMINAS";"0.63";"79151,76000";"n/a";"n/a";"Finance"
"USIMD40";"USIMINAS";"0.50";"17296,32100";"n/a";"n/a";"Finance"
"USIMD43";"USIMINAS";"0.29";"754,00000";"n/a";"n/a";"Finance"
"USIMD45";"USIMINAS";"0.24";"8634,77100";"n/a";"n/a";"Finance"
"USIMD47";"USIMINAS";"0.15";"450,00000";"n/a";"n/a";"Finance"
"USIMD48";"USIMINAS";"0.13";"1326,00000";"n/a";"n/a";"Finance"
"USIMD5";"USIMINAS";"0.08";"679,99600";"n/a";"n/a";"Finance"
"USIMD50";"USIMINAS";"0.63";"1260,00000";"n/a";"n/a";"Finance"
"USIMD52";"USIMINAS";"0.08";"238,00000";"n/a";"n/a";"Finance"
"USIMO40";"USIMINAS";"0.06";"1752,13800";"n/a";"n/a";"Finance"
"USIMO42";"USIMINAS";"0.10";"520,00000";"n/a";"n/a";"Finance"
"USIMO43";"USIMINAS";"0.14";"210,00000";"n/a";"n/a";"Finance"
"USIMO44";"USIMINAS";"0.21";"1712,97200";"n/a";"n/a";"Finance"
"USIMO45";"USIMINAS";"0.26";"3099,03100";"n/a";"n/a";"Finance"
"USIMP38";"USIMINAS";"0.13";"13,00000";"n/a";"n/a";"Finance"
"USIMP41";"USIMINAS";"0.25";"480,00000";"n/a";"n/a";"Finance"
"USIMP42";"USIMINAS";"0.29";"4287,00200";"n/a";"n/a";"Finance"
"USIMP43";"USIMINAS";"0.34";"16281,77500";"n/a";"n/a";"Finance"
"USIMP44";"USIMINAS";"0.39";"11390,04000";"n/a";"n/a";"Finance"
"USIMP45";"USIMINAS";"0.40";"17159,92000";"n/a";"n/a";"Finance"
"UTIP11";"ISHARES UTIP";"21.11";"2111,00000";"n/a";"n/a";"Finance"
"VAGR3";"V-AGRO";"0.84";"37109,78000";"n/a";"n/a";"Finance"
"VAGR3F";"V-AGRO";"0.83";"2,49000";"n/a";"n/a";"Finance"
"VALE3";"VALE R DOCE";"19.24";"52185926,32000";"n/a";"n/a";"Finance"
"VALE3F";"VALE R DOCE";"19.21";"14977,30711";"n/a";"n/a";"Finance"
"VALE5";"VALE R DOCE";"16.70";"137150165,48000";"n/a";"n/a";"Finance"
"VALE5F";"VALE R DOCE";"16.71";"111511,11553";"n/a";"n/a";"Finance"
"VALE5T";"VALE R DOCE";"16.79";"1939689,96700";"n/a";"n/a";"Finance"
"VALEA21";"VALE R DOCE";"1.27";"2666,00000";"n/a";"n/a";"Finance"
"VALEA22";"VALE R DOCE";"1.00";"1120,00000";"n/a";"n/a";"Finance"
"VALEA23";"VALE R DOCE";"0.85";"935,00000";"n/a";"n/a";"Finance"
"VALEC13";"VALE R DOCE";"3.32";"14611,95800";"n/a";"n/a";"Finance"
"VALEC14";"VALE R DOCE";"2.36";"8436,00500";"n/a";"n/a";"Finance"
"VALEC15";"VALE R DOCE";"1.48";"134054,96000";"n/a";"n/a";"Finance"
"VALEC16";"VALE R DOCE";"0.67";"3929046,02000";"n/a";"n/a";"Finance"
"VALEC17";"VALE R DOCE";"0.18";"2685968,36700";"n/a";"n/a";"Finance"
"VALEC18";"VALE R DOCE";"0.04";"449260,96000";"n/a";"n/a";"Finance"
"VALEC19";"VALE R DOCE";"0.01";"19224,51600";"n/a";"n/a";"Finance"
"VALEC20";"VALE R DOCE";"0.01";"2328,00000";"n/a";"n/a";"Finance"
"VALEC21";"VALE R DOCE";"0.01";"10,00000";"n/a";"n/a";"Finance"
"VALEC24";"VALE R DOCE";"0.37";"316928,98400";"n/a";"n/a";"Finance"
"VALEC42";"VALE R DOCE";"3.89";"1556,00000";"n/a";"n/a";"Finance"
"VALEC43";"VALE R DOCE";"2.85";"3789,99600";"n/a";"n/a";"Finance"
"VALEC44";"VALE R DOCE";"1.90";"45554,93200";"n/a";"n/a";"Finance"
"VALEC45";"VALE R DOCE";"1.03";"3190,00800";"n/a";"n/a";"Finance"
"VALEC47";"VALE R DOCE";"0.09";"206657,88400";"n/a";"n/a";"Finance"
"VALEC49";"VALE R DOCE";"0.01";"1935,00000";"n/a";"n/a";"Finance"
"VALEC52";"VALE R DOCE";"0.01";"480,00000";"n/a";"n/a";"Finance"
"VALEC68";"VALE R DOCE";"0.02";"18449,70000";"n/a";"n/a";"Finance"
"VALEC70";"VALE R DOCE";"0.01";"525,00000";"n/a";"n/a";"Finance"
"VALEC71";"VALE R DOCE";"0.12";"22368,77800";"n/a";"n/a";"Finance"
"VALEC72";"VALE R DOCE";"4.40";"880,00000";"n/a";"n/a";"Finance"
"VALED11";"VALE R DOCE";"5.32";"1064,00000";"n/a";"n/a";"Finance"
"VALED15";"VALE R DOCE";"1.90";"241974,79400";"n/a";"n/a";"Finance"
"VALED16";"VALE R DOCE";"1.23";"411266,11800";"n/a";"n/a";"Finance"
"VALED17";"VALE R DOCE";"0.70";"440305,84300";"n/a";"n/a";"Finance"
"VALED18";"VALE R DOCE";"0.37";"464143,92000";"n/a";"n/a";"Finance"
"VALED19";"VALE R DOCE";"0.17";"325644,25400";"n/a";"n/a";"Finance"
"VALED20";"VALE R DOCE";"0.09";"139418,00100";"n/a";"n/a";"Finance"
"VALED21";"VALE R DOCE";"0.04";"25479,45400";"n/a";"n/a";"Finance"
"VALED22";"VALE R DOCE";"0.03";"342,96800";"n/a";"n/a";"Finance"
"VALED23";"VALE R DOCE";"0.01";"1,00000";"n/a";"n/a";"Finance"
"VALED3";"VALE R DOCE";"2.75";"87330,16000";"n/a";"n/a";"Finance"
"VALED51";"VALE R DOCE";"0.03";"24,00000";"n/a";"n/a";"Finance"
"VALED52";"VALE R DOCE";"0.02";"50,00000";"n/a";"n/a";"Finance"
"VALED58";"VALE R DOCE";"0.51";"277078,00200";"n/a";"n/a";"Finance"
"VALED59";"VALE R DOCE";"0.25";"40867,34000";"n/a";"n/a";"Finance"
"VALED63";"VALE R DOCE";"3.11";"128050,54800";"n/a";"n/a";"Finance"
"VALED66";"VALE R DOCE";"0.91";"23898,00700";"n/a";"n/a";"Finance"
"VALED67";"VALE R DOCE";"0.12";"1932,00000";"n/a";"n/a";"Finance"
"VALEE12";"VALE R DOCE";"4.64";"1384,00000";"n/a";"n/a";"Finance"
"VALEE14";"VALE R DOCE";"2.81";"281,00000";"n/a";"n/a";"Finance"
"VALEE17";"VALE R DOCE";"0.92";"39702,02600";"n/a";"n/a";"Finance"
"VALEE18";"VALE R DOCE";"0.56";"65386,76000";"n/a";"n/a";"Finance"
"VALEE19";"VALE R DOCE";"0.31";"415,00000";"n/a";"n/a";"Finance"
"VALEE20";"VALE R DOCE";"0.19";"6615,33600";"n/a";"n/a";"Finance"
"VALEE21";"VALE R DOCE";"0.10";"735,94900";"n/a";"n/a";"Finance"
"VALEE22";"VALE R DOCE";"0.06";"351,01000";"n/a";"n/a";"Finance"
"VALEE44";"VALE R DOCE";"2.41";"241,00000";"n/a";"n/a";"Finance"
"VALEE50";"VALE R DOCE";"0.13";"130,00000";"n/a";"n/a";"Finance"
"VALEF17";"VALE R DOCE";"1.36";"544,00000";"n/a";"n/a";"Finance"
"VALEH51";"VALE R DOCE";"1.02";"34236,00000";"n/a";"n/a";"Finance"
"VALEH52";"VALE R DOCE";"0.40";"5960,00000";"n/a";"n/a";"Finance"
"VALEH91";"VALE R DOCE";"0.50";"32700,00000";"n/a";"n/a";"Finance"
"VALEO13";"VALE R DOCE";"0.01";"235,00000";"n/a";"n/a";"Finance"
"VALEO14";"VALE R DOCE";"0.03";"6065,11200";"n/a";"n/a";"Finance"
"VALEO15";"VALE R DOCE";"0.08";"163757,75600";"n/a";"n/a";"Finance"
"VALEO16";"VALE R DOCE";"0.27";"1290955,56000";"n/a";"n/a";"Finance"
"VALEO17";"VALE R DOCE";"0.78";"2066567,16300";"n/a";"n/a";"Finance"
"VALEO18";"VALE R DOCE";"1.65";"670873,41000";"n/a";"n/a";"Finance"
"VALEO19";"VALE R DOCE";"2.61";"92692,06200";"n/a";"n/a";"Finance"
"VALEO20";"VALE R DOCE";"3.55";"237130,12000";"n/a";"n/a";"Finance"
"VALEO24";"VALE R DOCE";"0.50";"221736,96000";"n/a";"n/a";"Finance"
"VALEO43";"VALE R DOCE";"0.01";"169,96000";"n/a";"n/a";"Finance"
"VALEO44";"VALE R DOCE";"0.05";"14055,23200";"n/a";"n/a";"Finance"
"VALEO45";"VALE R DOCE";"0.16";"32262,55000";"n/a";"n/a";"Finance"
"VALEO47";"VALE R DOCE";"1.20";"357912,64000";"n/a";"n/a";"Finance"
"VALEO68";"VALE R DOCE";"2.17";"105970,22500";"n/a";"n/a";"Finance"
"VALEO71";"VALE R DOCE";"1.00";"38384,01800";"n/a";"n/a";"Finance"
"VALEP11";"VALE R DOCE";"0.02";"210,00500";"n/a";"n/a";"Finance"
"VALEP12";"VALE R DOCE";"0.05";"265,00000";"n/a";"n/a";"Finance"
"VALEP15";"VALE R DOCE";"0.39";"53242,70300";"n/a";"n/a";"Finance"
"VALEP16";"VALE R DOCE";"0.73";"49685,66400";"n/a";"n/a";"Finance"
"VALEP17";"VALE R DOCE";"1.22";"104902,70000";"n/a";"n/a";"Finance"
"VALEP18";"VALE R DOCE";"1.84";"296825,92200";"n/a";"n/a";"Finance"
"VALEP19";"VALE R DOCE";"2.61";"2337,00000";"n/a";"n/a";"Finance"
"VALEP20";"VALE R DOCE";"3.52";"285230,66000";"n/a";"n/a";"Finance"
"VALEP21";"VALE R DOCE";"4.35";"4350,00000";"n/a";"n/a";"Finance"
"VALEP3";"VALE R DOCE";"0.21";"9855,18000";"n/a";"n/a";"Finance"
"VALEP58";"VALE R DOCE";"1.53";"250015,86900";"n/a";"n/a";"Finance"
"VALEP61";"VALE R DOCE";"0.03";"672,00000";"n/a";"n/a";"Finance"
"VALEP63";"VALE R DOCE";"0.15";"2250,00000";"n/a";"n/a";"Finance"
"VALEP64";"VALE R DOCE";"0.30";"27150,07600";"n/a";"n/a";"Finance"
"VALEP65";"VALE R DOCE";"0.51";"12728,02800";"n/a";"n/a";"Finance"
"VALEP66";"VALE R DOCE";"0.97";"5939,99500";"n/a";"n/a";"Finance"
"VALEQ17";"VALE R DOCE";"1.33";"23392,04300";"n/a";"n/a";"Finance"
"VALEQ18";"VALE R DOCE";"1.88";"16145,00000";"n/a";"n/a";"Finance"
"VALEQ19";"VALE R DOCE";"2.58";"4442,00000";"n/a";"n/a";"Finance"
"VALER18";"VALE R DOCE";"1.71";"28215,00000";"n/a";"n/a";"Finance"
"VALET18";"VALE R DOCE";"1.72";"170280,00000";"n/a";"n/a";"Finance"
"VALET44";"VALE R DOCE";"0.48";"16128,00000";"n/a";"n/a";"Finance"
"VALET86";"VALE R DOCE";"1.09";"71286,00000";"n/a";"n/a";"Finance"
"VALET87";"VALE R DOCE";"1.25";"18625,00000";"n/a";"n/a";"Finance"
"VALET88";"VALE R DOCE";"2.00";"29800,00000";"n/a";"n/a";"Finance"
"VIVR3";"VIVER";"0.07";"7567,89500";"n/a";"n/a";"Finance"
"VIVT3";"TELEF BRASIL";"40.60";"109938,03200";"n/a";"n/a";"Finance"
"VIVT3F";"TELEF BRASIL";"41.00";"8275,39040";"n/a";"n/a";"Finance"
"VIVT4";"TELEF BRASIL";"50.60";"18512985,26000";"n/a";"n/a";"Finance"
"VIVT4F";"TELEF BRASIL";"50.65";"48673,08780";"n/a";"n/a";"Finance"
"VIVTC4";"TELEF BRASIL";"9.15";"146400,00000";"n/a";"n/a";"Finance"
"VIVTD1";"TELEF BRASIL";"9.15";"146400,00000";"n/a";"n/a";"Finance"
"VLID3";"VALID";"40.52";"3866653,96000";"n/a";"n/a";"Finance"
"VLID3F";"VALID";"40.49";"23305,25729";"n/a";"n/a";"Finance"
"VRTA11";"FII FATOR VE";"113.98";"227948,06668";"n/a";"n/a";"Finance"
"VULC3";"VULCABRAS";"0.26";"1560,00000";"n/a";"n/a";"Finance"
"VVAR11";"VIA VAREJO";"16.70";"1715320,35200";"n/a";"n/a";"Finance"
"VVAR11F";"VIA VAREJO";"15.31";"5327,77993";"n/a";"n/a";"Finance"
"WEGE3";"WEG";"31.48";"15937843,07200";"n/a";"n/a";"Finance"
"WEGE3F";"WEG";"31.51";"19853,92079";"n/a";"n/a";"Finance"
"WFCO34";"WELLS FARGO";"168.30";"706860,00000";"n/a";"n/a";"Finance"
"WHRL3";"WHIRLPOOL";"3.80";"380,00000";"n/a";"n/a";"Finance"
"WHRL4";"WHIRLPOOL";"3.40";"33022,00000";"n/a";"n/a";"Finance"
"WHRL4F";"WHIRLPOOL";"3.55";"248,50000";"n/a";"n/a";"Finance"
"WPLZ11B";"WPLZ";"59.00";"48203,14820";"n/a";"n/a";"Finance"
"WSON33";"WSON";"28.70";"23145,00300";"n/a";"n/a";"Finance"
